point_id,lat,lon,year,month,period,sms_cm_ewh
LAT-9.25_LON115.75,-9.25,115.75,2004,1,2004-01,
LAT-9.25_LON116.25,-9.25,116.25,2004,1,2004-01,
LAT-9.25_LON116.75,-9.25,116.75,2004,1,2004-01,
LAT-9.25_LON117.25,-9.25,117.25,2004,1,2004-01,
LAT-9.25_LON117.75,-9.25,117.75,2004,1,2004-01,
LAT-9.25_LON118.25,-9.25,118.25,2004,1,2004-01,
LAT-9.25_LON118.75,-9.25,118.75,2004,1,2004-01,
LAT-9.25_LON119.25,-9.25,119.25,2004,1,2004-01,
LAT-8.75_LON115.75,-8.75,115.75,2004,1,2004-01,
LAT-8.75_LON116.25,-8.75,116.25,2004,1,2004-01,33.84178922999289
LAT-8.75_LON116.75,-8.75,116.75,2004,1,2004-01,
LAT-8.75_LON117.25,-8.75,117.25,2004,1,2004-01,30.75281349289801
LAT-8.75_LON117.75,-8.75,117.75,2004,1,2004-01,
LAT-8.75_LON118.25,-8.75,118.25,2004,1,2004-01,
LAT-8.75_LON118.75,-8.75,118.75,2004,1,2004-01,28.19292668273371
LAT-8.75_LON119.25,-8.75,119.25,2004,1,2004-01,
LAT-8.25_LON115.75,-8.25,115.75,2004,1,2004-01,
LAT-8.25_LON116.25,-8.25,116.25,2004,1,2004-01,
LAT-8.25_LON116.75,-8.25,116.75,2004,1,2004-01,
LAT-8.25_LON117.25,-8.25,117.25,2004,1,2004-01,
LAT-8.25_LON117.75,-8.25,117.75,2004,1,2004-01,28.99353369858956
LAT-8.25_LON118.25,-8.25,118.25,2004,1,2004-01,
LAT-8.25_LON118.75,-8.25,118.75,2004,1,2004-01,
LAT-8.25_LON119.25,-8.25,119.25,2004,1,2004-01,
LAT-7.75_LON115.75,-7.75,115.75,2004,1,2004-01,
LAT-7.75_LON116.25,-7.75,116.25,2004,1,2004-01,
LAT-7.75_LON116.75,-7.75,116.75,2004,1,2004-01,
LAT-7.75_LON117.25,-7.75,117.25,2004,1,2004-01,
LAT-7.75_LON117.75,-7.75,117.75,2004,1,2004-01,
LAT-7.75_LON118.25,-7.75,118.25,2004,1,2004-01,
LAT-7.75_LON118.75,-7.75,118.75,2004,1,2004-01,
LAT-7.75_LON119.25,-7.75,119.25,2004,1,2004-01,
LAT-9.25_LON115.75,-9.25,115.75,2004,2,2004-02,
LAT-9.25_LON116.25,-9.25,116.25,2004,2,2004-02,
LAT-9.25_LON116.75,-9.25,116.75,2004,2,2004-02,
LAT-9.25_LON117.25,-9.25,117.25,2004,2,2004-02,
LAT-9.25_LON117.75,-9.25,117.75,2004,2,2004-02,
LAT-9.25_LON118.25,-9.25,118.25,2004,2,2004-02,
LAT-9.25_LON118.75,-9.25,118.75,2004,2,2004-02,
LAT-9.25_LON119.25,-9.25,119.25,2004,2,2004-02,
LAT-8.75_LON115.75,-8.75,115.75,2004,2,2004-02,
LAT-8.75_LON116.25,-8.75,116.25,2004,2,2004-02,42.43511438246433
LAT-8.75_LON116.75,-8.75,116.75,2004,2,2004-02,
LAT-8.75_LON117.25,-8.75,117.25,2004,2,2004-02,40.68060376677017
LAT-8.75_LON117.75,-8.75,117.75,2004,2,2004-02,
LAT-8.75_LON118.25,-8.75,118.25,2004,2,2004-02,
LAT-8.75_LON118.75,-8.75,118.75,2004,2,2004-02,35.47789828193599
LAT-8.75_LON119.25,-8.75,119.25,2004,2,2004-02,
LAT-8.25_LON115.75,-8.25,115.75,2004,2,2004-02,
LAT-8.25_LON116.25,-8.25,116.25,2004,2,2004-02,
LAT-8.25_LON116.75,-8.25,116.75,2004,2,2004-02,
LAT-8.25_LON117.25,-8.25,117.25,2004,2,2004-02,
LAT-8.25_LON117.75,-8.25,117.75,2004,2,2004-02,39.33498476332633
LAT-8.25_LON118.25,-8.25,118.25,2004,2,2004-02,
LAT-8.25_LON118.75,-8.25,118.75,2004,2,2004-02,
LAT-8.25_LON119.25,-8.25,119.25,2004,2,2004-02,
LAT-7.75_LON115.75,-7.75,115.75,2004,2,2004-02,
LAT-7.75_LON116.25,-7.75,116.25,2004,2,2004-02,
LAT-7.75_LON116.75,-7.75,116.75,2004,2,2004-02,
LAT-7.75_LON117.25,-7.75,117.25,2004,2,2004-02,
LAT-7.75_LON117.75,-7.75,117.75,2004,2,2004-02,
LAT-7.75_LON118.25,-7.75,118.25,2004,2,2004-02,
LAT-7.75_LON118.75,-7.75,118.75,2004,2,2004-02,
LAT-7.75_LON119.25,-7.75,119.25,2004,2,2004-02,
LAT-9.25_LON115.75,-9.25,115.75,2004,3,2004-03,
LAT-9.25_LON116.25,-9.25,116.25,2004,3,2004-03,
LAT-9.25_LON116.75,-9.25,116.75,2004,3,2004-03,
LAT-9.25_LON117.25,-9.25,117.25,2004,3,2004-03,
LAT-9.25_LON117.75,-9.25,117.75,2004,3,2004-03,
LAT-9.25_LON118.25,-9.25,118.25,2004,3,2004-03,
LAT-9.25_LON118.75,-9.25,118.75,2004,3,2004-03,
LAT-9.25_LON119.25,-9.25,119.25,2004,3,2004-03,
LAT-8.75_LON115.75,-8.75,115.75,2004,3,2004-03,
LAT-8.75_LON116.25,-8.75,116.25,2004,3,2004-03,41.599551939349034
LAT-8.75_LON116.75,-8.75,116.75,2004,3,2004-03,
LAT-8.75_LON117.25,-8.75,117.25,2004,3,2004-03,42.8369156558283
LAT-8.75_LON117.75,-8.75,117.75,2004,3,2004-03,
LAT-8.75_LON118.25,-8.75,118.25,2004,3,2004-03,
LAT-8.75_LON118.75,-8.75,118.75,2004,3,2004-03,37.37511811994735
LAT-8.75_LON119.25,-8.75,119.25,2004,3,2004-03,
LAT-8.25_LON115.75,-8.25,115.75,2004,3,2004-03,
LAT-8.25_LON116.25,-8.25,116.25,2004,3,2004-03,
LAT-8.25_LON116.75,-8.25,116.75,2004,3,2004-03,
LAT-8.25_LON117.25,-8.25,117.25,2004,3,2004-03,
LAT-8.25_LON117.75,-8.25,117.75,2004,3,2004-03,42.072616305658904
LAT-8.25_LON118.25,-8.25,118.25,2004,3,2004-03,
LAT-8.25_LON118.75,-8.25,118.75,2004,3,2004-03,
LAT-8.25_LON119.25,-8.25,119.25,2004,3,2004-03,
LAT-7.75_LON115.75,-7.75,115.75,2004,3,2004-03,
LAT-7.75_LON116.25,-7.75,116.25,2004,3,2004-03,
LAT-7.75_LON116.75,-7.75,116.75,2004,3,2004-03,
LAT-7.75_LON117.25,-7.75,117.25,2004,3,2004-03,
LAT-7.75_LON117.75,-7.75,117.75,2004,3,2004-03,
LAT-7.75_LON118.25,-7.75,118.25,2004,3,2004-03,
LAT-7.75_LON118.75,-7.75,118.75,2004,3,2004-03,
LAT-7.75_LON119.25,-7.75,119.25,2004,3,2004-03,
LAT-9.25_LON115.75,-9.25,115.75,2004,4,2004-04,
LAT-9.25_LON116.25,-9.25,116.25,2004,4,2004-04,
LAT-9.25_LON116.75,-9.25,116.75,2004,4,2004-04,
LAT-9.25_LON117.25,-9.25,117.25,2004,4,2004-04,
LAT-9.25_LON117.75,-9.25,117.75,2004,4,2004-04,
LAT-9.25_LON118.25,-9.25,118.25,2004,4,2004-04,
LAT-9.25_LON118.75,-9.25,118.75,2004,4,2004-04,
LAT-9.25_LON119.25,-9.25,119.25,2004,4,2004-04,
LAT-8.75_LON115.75,-8.75,115.75,2004,4,2004-04,
LAT-8.75_LON116.25,-8.75,116.25,2004,4,2004-04,36.170126589218775
LAT-8.75_LON116.75,-8.75,116.75,2004,4,2004-04,
LAT-8.75_LON117.25,-8.75,117.25,2004,4,2004-04,36.77857113345464
LAT-8.75_LON117.75,-8.75,117.75,2004,4,2004-04,
LAT-8.75_LON118.25,-8.75,118.25,2004,4,2004-04,
LAT-8.75_LON118.75,-8.75,118.75,2004,4,2004-04,32.411565492153166
LAT-8.75_LON119.25,-8.75,119.25,2004,4,2004-04,
LAT-8.25_LON115.75,-8.25,115.75,2004,4,2004-04,
LAT-8.25_LON116.25,-8.25,116.25,2004,4,2004-04,
LAT-8.25_LON116.75,-8.25,116.75,2004,4,2004-04,
LAT-8.25_LON117.25,-8.25,117.25,2004,4,2004-04,
LAT-8.25_LON117.75,-8.25,117.75,2004,4,2004-04,34.86440873821577
LAT-8.25_LON118.25,-8.25,118.25,2004,4,2004-04,
LAT-8.25_LON118.75,-8.25,118.75,2004,4,2004-04,
LAT-8.25_LON119.25,-8.25,119.25,2004,4,2004-04,
LAT-7.75_LON115.75,-7.75,115.75,2004,4,2004-04,
LAT-7.75_LON116.25,-7.75,116.25,2004,4,2004-04,
LAT-7.75_LON116.75,-7.75,116.75,2004,4,2004-04,
LAT-7.75_LON117.25,-7.75,117.25,2004,4,2004-04,
LAT-7.75_LON117.75,-7.75,117.75,2004,4,2004-04,
LAT-7.75_LON118.25,-7.75,118.25,2004,4,2004-04,
LAT-7.75_LON118.75,-7.75,118.75,2004,4,2004-04,
LAT-7.75_LON119.25,-7.75,119.25,2004,4,2004-04,
LAT-9.25_LON115.75,-9.25,115.75,2004,5,2004-05,
LAT-9.25_LON116.25,-9.25,116.25,2004,5,2004-05,
LAT-9.25_LON116.75,-9.25,116.75,2004,5,2004-05,
LAT-9.25_LON117.25,-9.25,117.25,2004,5,2004-05,
LAT-9.25_LON117.75,-9.25,117.75,2004,5,2004-05,
LAT-9.25_LON118.25,-9.25,118.25,2004,5,2004-05,
LAT-9.25_LON118.75,-9.25,118.75,2004,5,2004-05,
LAT-9.25_LON119.25,-9.25,119.25,2004,5,2004-05,
LAT-8.75_LON115.75,-8.75,115.75,2004,5,2004-05,
LAT-8.75_LON116.25,-8.75,116.25,2004,5,2004-05,33.100288940475835
LAT-8.75_LON116.75,-8.75,116.75,2004,5,2004-05,
LAT-8.75_LON117.25,-8.75,117.25,2004,5,2004-05,31.985625509523583
LAT-8.75_LON117.75,-8.75,117.75,2004,5,2004-05,
LAT-8.75_LON118.25,-8.75,118.25,2004,5,2004-05,
LAT-8.75_LON118.75,-8.75,118.75,2004,5,2004-05,27.938990483360907
LAT-8.75_LON119.25,-8.75,119.25,2004,5,2004-05,
LAT-8.25_LON115.75,-8.25,115.75,2004,5,2004-05,
LAT-8.25_LON116.25,-8.25,116.25,2004,5,2004-05,
LAT-8.25_LON116.75,-8.25,116.75,2004,5,2004-05,
LAT-8.25_LON117.25,-8.25,117.25,2004,5,2004-05,
LAT-8.25_LON117.75,-8.25,117.75,2004,5,2004-05,30.406795065479898
LAT-8.25_LON118.25,-8.25,118.25,2004,5,2004-05,
LAT-8.25_LON118.75,-8.25,118.75,2004,5,2004-05,
LAT-8.25_LON119.25,-8.25,119.25,2004,5,2004-05,
LAT-7.75_LON115.75,-7.75,115.75,2004,5,2004-05,
LAT-7.75_LON116.25,-7.75,116.25,2004,5,2004-05,
LAT-7.75_LON116.75,-7.75,116.75,2004,5,2004-05,
LAT-7.75_LON117.25,-7.75,117.25,2004,5,2004-05,
LAT-7.75_LON117.75,-7.75,117.75,2004,5,2004-05,
LAT-7.75_LON118.25,-7.75,118.25,2004,5,2004-05,
LAT-7.75_LON118.75,-7.75,118.75,2004,5,2004-05,
LAT-7.75_LON119.25,-7.75,119.25,2004,5,2004-05,
LAT-9.25_LON115.75,-9.25,115.75,2004,6,2004-06,
LAT-9.25_LON116.25,-9.25,116.25,2004,6,2004-06,
LAT-9.25_LON116.75,-9.25,116.75,2004,6,2004-06,
LAT-9.25_LON117.25,-9.25,117.25,2004,6,2004-06,
LAT-9.25_LON117.75,-9.25,117.75,2004,6,2004-06,
LAT-9.25_LON118.25,-9.25,118.25,2004,6,2004-06,
LAT-9.25_LON118.75,-9.25,118.75,2004,6,2004-06,
LAT-9.25_LON119.25,-9.25,119.25,2004,6,2004-06,
LAT-8.75_LON115.75,-8.75,115.75,2004,6,2004-06,
LAT-8.75_LON116.25,-8.75,116.25,2004,6,2004-06,31.16783774912356
LAT-8.75_LON116.75,-8.75,116.75,2004,6,2004-06,
LAT-8.75_LON117.25,-8.75,117.25,2004,6,2004-06,29.459598581155145
LAT-8.75_LON117.75,-8.75,117.75,2004,6,2004-06,
LAT-8.75_LON118.25,-8.75,118.25,2004,6,2004-06,
LAT-8.75_LON118.75,-8.75,118.75,2004,6,2004-06,26.451747776746735
LAT-8.75_LON119.25,-8.75,119.25,2004,6,2004-06,
LAT-8.25_LON115.75,-8.25,115.75,2004,6,2004-06,
LAT-8.25_LON116.25,-8.25,116.25,2004,6,2004-06,
LAT-8.25_LON116.75,-8.25,116.75,2004,6,2004-06,
LAT-8.25_LON117.25,-8.25,117.25,2004,6,2004-06,
LAT-8.25_LON117.75,-8.25,117.75,2004,6,2004-06,28.42442567952475
LAT-8.25_LON118.25,-8.25,118.25,2004,6,2004-06,
LAT-8.25_LON118.75,-8.25,118.75,2004,6,2004-06,
LAT-8.25_LON119.25,-8.25,119.25,2004,6,2004-06,
LAT-7.75_LON115.75,-7.75,115.75,2004,6,2004-06,
LAT-7.75_LON116.25,-7.75,116.25,2004,6,2004-06,
LAT-7.75_LON116.75,-7.75,116.75,2004,6,2004-06,
LAT-7.75_LON117.25,-7.75,117.25,2004,6,2004-06,
LAT-7.75_LON117.75,-7.75,117.75,2004,6,2004-06,
LAT-7.75_LON118.25,-7.75,118.25,2004,6,2004-06,
LAT-7.75_LON118.75,-7.75,118.75,2004,6,2004-06,
LAT-7.75_LON119.25,-7.75,119.25,2004,6,2004-06,
LAT-9.25_LON115.75,-9.25,115.75,2004,7,2004-07,
LAT-9.25_LON116.25,-9.25,116.25,2004,7,2004-07,
LAT-9.25_LON116.75,-9.25,116.75,2004,7,2004-07,
LAT-9.25_LON117.25,-9.25,117.25,2004,7,2004-07,
LAT-9.25_LON117.75,-9.25,117.75,2004,7,2004-07,
LAT-9.25_LON118.25,-9.25,118.25,2004,7,2004-07,
LAT-9.25_LON118.75,-9.25,118.75,2004,7,2004-07,
LAT-9.25_LON119.25,-9.25,119.25,2004,7,2004-07,
LAT-8.75_LON115.75,-8.75,115.75,2004,7,2004-07,
LAT-8.75_LON116.25,-8.75,116.25,2004,7,2004-07,26.395125186866327
LAT-8.75_LON116.75,-8.75,116.75,2004,7,2004-07,
LAT-8.75_LON117.25,-8.75,117.25,2004,7,2004-07,24.922549891971784
LAT-8.75_LON117.75,-8.75,117.75,2004,7,2004-07,
LAT-8.75_LON118.25,-8.75,118.25,2004,7,2004-07,
LAT-8.75_LON118.75,-8.75,118.75,2004,7,2004-07,23.9230986709364
LAT-8.75_LON119.25,-8.75,119.25,2004,7,2004-07,
LAT-8.25_LON115.75,-8.25,115.75,2004,7,2004-07,
LAT-8.25_LON116.25,-8.25,116.25,2004,7,2004-07,
LAT-8.25_LON116.75,-8.25,116.75,2004,7,2004-07,
LAT-8.25_LON117.25,-8.25,117.25,2004,7,2004-07,
LAT-8.25_LON117.75,-8.25,117.75,2004,7,2004-07,24.007844128454902
LAT-8.25_LON118.25,-8.25,118.25,2004,7,2004-07,
LAT-8.25_LON118.75,-8.25,118.75,2004,7,2004-07,
LAT-8.25_LON119.25,-8.25,119.25,2004,7,2004-07,
LAT-7.75_LON115.75,-7.75,115.75,2004,7,2004-07,
LAT-7.75_LON116.25,-7.75,116.25,2004,7,2004-07,
LAT-7.75_LON116.75,-7.75,116.75,2004,7,2004-07,
LAT-7.75_LON117.25,-7.75,117.25,2004,7,2004-07,
LAT-7.75_LON117.75,-7.75,117.75,2004,7,2004-07,
LAT-7.75_LON118.25,-7.75,118.25,2004,7,2004-07,
LAT-7.75_LON118.75,-7.75,118.75,2004,7,2004-07,
LAT-7.75_LON119.25,-7.75,119.25,2004,7,2004-07,
LAT-9.25_LON115.75,-9.25,115.75,2004,8,2004-08,
LAT-9.25_LON116.25,-9.25,116.25,2004,8,2004-08,
LAT-9.25_LON116.75,-9.25,116.75,2004,8,2004-08,
LAT-9.25_LON117.25,-9.25,117.25,2004,8,2004-08,
LAT-9.25_LON117.75,-9.25,117.75,2004,8,2004-08,
LAT-9.25_LON118.25,-9.25,118.25,2004,8,2004-08,
LAT-9.25_LON118.75,-9.25,118.75,2004,8,2004-08,
LAT-9.25_LON119.25,-9.25,119.25,2004,8,2004-08,
LAT-8.75_LON115.75,-8.75,115.75,2004,8,2004-08,
LAT-8.75_LON116.25,-8.75,116.25,2004,8,2004-08,23.376367935326787
LAT-8.75_LON116.75,-8.75,116.75,2004,8,2004-08,
LAT-8.75_LON117.25,-8.75,117.25,2004,8,2004-08,21.761842166146923
LAT-8.75_LON117.75,-8.75,117.75,2004,8,2004-08,
LAT-8.75_LON118.25,-8.75,118.25,2004,8,2004-08,
LAT-8.75_LON118.75,-8.75,118.75,2004,8,2004-08,22.614040796410645
LAT-8.75_LON119.25,-8.75,119.25,2004,8,2004-08,
LAT-8.25_LON115.75,-8.25,115.75,2004,8,2004-08,
LAT-8.25_LON116.25,-8.25,116.25,2004,8,2004-08,
LAT-8.25_LON116.75,-8.25,116.75,2004,8,2004-08,
LAT-8.25_LON117.25,-8.25,117.25,2004,8,2004-08,
LAT-8.25_LON117.75,-8.25,117.75,2004,8,2004-08,20.57630152167811
LAT-8.25_LON118.25,-8.25,118.25,2004,8,2004-08,
LAT-8.25_LON118.75,-8.25,118.75,2004,8,2004-08,
LAT-8.25_LON119.25,-8.25,119.25,2004,8,2004-08,
LAT-7.75_LON115.75,-7.75,115.75,2004,8,2004-08,
LAT-7.75_LON116.25,-7.75,116.25,2004,8,2004-08,
LAT-7.75_LON116.75,-7.75,116.75,2004,8,2004-08,
LAT-7.75_LON117.25,-7.75,117.25,2004,8,2004-08,
LAT-7.75_LON117.75,-7.75,117.75,2004,8,2004-08,
LAT-7.75_LON118.25,-7.75,118.25,2004,8,2004-08,
LAT-7.75_LON118.75,-7.75,118.75,2004,8,2004-08,
LAT-7.75_LON119.25,-7.75,119.25,2004,8,2004-08,
LAT-9.25_LON115.75,-9.25,115.75,2004,9,2004-09,
LAT-9.25_LON116.25,-9.25,116.25,2004,9,2004-09,
LAT-9.25_LON116.75,-9.25,116.75,2004,9,2004-09,
LAT-9.25_LON117.25,-9.25,117.25,2004,9,2004-09,
LAT-9.25_LON117.75,-9.25,117.75,2004,9,2004-09,
LAT-9.25_LON118.25,-9.25,118.25,2004,9,2004-09,
LAT-9.25_LON118.75,-9.25,118.75,2004,9,2004-09,
LAT-9.25_LON119.25,-9.25,119.25,2004,9,2004-09,
LAT-8.75_LON115.75,-8.75,115.75,2004,9,2004-09,
LAT-8.75_LON116.25,-8.75,116.25,2004,9,2004-09,21.333569561441728
LAT-8.75_LON116.75,-8.75,116.75,2004,9,2004-09,
LAT-8.75_LON117.25,-8.75,117.25,2004,9,2004-09,19.003724532961837
LAT-8.75_LON117.75,-8.75,117.75,2004,9,2004-09,
LAT-8.75_LON118.25,-8.75,118.25,2004,9,2004-09,
LAT-8.75_LON118.75,-8.75,118.75,2004,9,2004-09,21.52130401452384
LAT-8.75_LON119.25,-8.75,119.25,2004,9,2004-09,
LAT-8.25_LON115.75,-8.25,115.75,2004,9,2004-09,
LAT-8.25_LON116.25,-8.25,116.25,2004,9,2004-09,
LAT-8.25_LON116.75,-8.25,116.75,2004,9,2004-09,
LAT-8.25_LON117.25,-8.25,117.25,2004,9,2004-09,
LAT-8.25_LON117.75,-8.25,117.75,2004,9,2004-09,17.170979589541762
LAT-8.25_LON118.25,-8.25,118.25,2004,9,2004-09,
LAT-8.25_LON118.75,-8.25,118.75,2004,9,2004-09,
LAT-8.25_LON119.25,-8.25,119.25,2004,9,2004-09,
LAT-7.75_LON115.75,-7.75,115.75,2004,9,2004-09,
LAT-7.75_LON116.25,-7.75,116.25,2004,9,2004-09,
LAT-7.75_LON116.75,-7.75,116.75,2004,9,2004-09,
LAT-7.75_LON117.25,-7.75,117.25,2004,9,2004-09,
LAT-7.75_LON117.75,-7.75,117.75,2004,9,2004-09,
LAT-7.75_LON118.25,-7.75,118.25,2004,9,2004-09,
LAT-7.75_LON118.75,-7.75,118.75,2004,9,2004-09,
LAT-7.75_LON119.25,-7.75,119.25,2004,9,2004-09,
LAT-9.25_LON115.75,-9.25,115.75,2004,10,2004-10,
LAT-9.25_LON116.25,-9.25,116.25,2004,10,2004-10,
LAT-9.25_LON116.75,-9.25,116.75,2004,10,2004-10,
LAT-9.25_LON117.25,-9.25,117.25,2004,10,2004-10,
LAT-9.25_LON117.75,-9.25,117.75,2004,10,2004-10,
LAT-9.25_LON118.25,-9.25,118.25,2004,10,2004-10,
LAT-9.25_LON118.75,-9.25,118.75,2004,10,2004-10,
LAT-9.25_LON119.25,-9.25,119.25,2004,10,2004-10,
LAT-8.75_LON115.75,-8.75,115.75,2004,10,2004-10,
LAT-8.75_LON116.25,-8.75,116.25,2004,10,2004-10,20.95957894586747
LAT-8.75_LON116.75,-8.75,116.75,2004,10,2004-10,
LAT-8.75_LON117.25,-8.75,117.25,2004,10,2004-10,17.82324562434228
LAT-8.75_LON117.75,-8.75,117.75,2004,10,2004-10,
LAT-8.75_LON118.25,-8.75,118.25,2004,10,2004-10,
LAT-8.75_LON118.75,-8.75,118.75,2004,10,2004-10,20.97272907034041
LAT-8.75_LON119.25,-8.75,119.25,2004,10,2004-10,
LAT-8.25_LON115.75,-8.25,115.75,2004,10,2004-10,
LAT-8.25_LON116.25,-8.25,116.25,2004,10,2004-10,
LAT-8.25_LON116.75,-8.25,116.75,2004,10,2004-10,
LAT-8.25_LON117.25,-8.25,117.25,2004,10,2004-10,
LAT-8.25_LON117.75,-8.25,117.75,2004,10,2004-10,15.008441019865767
LAT-8.25_LON118.25,-8.25,118.25,2004,10,2004-10,
LAT-8.25_LON118.75,-8.25,118.75,2004,10,2004-10,
LAT-8.25_LON119.25,-8.25,119.25,2004,10,2004-10,
LAT-7.75_LON115.75,-7.75,115.75,2004,10,2004-10,
LAT-7.75_LON116.25,-7.75,116.25,2004,10,2004-10,
LAT-7.75_LON116.75,-7.75,116.75,2004,10,2004-10,
LAT-7.75_LON117.25,-7.75,117.25,2004,10,2004-10,
LAT-7.75_LON117.75,-7.75,117.75,2004,10,2004-10,
LAT-7.75_LON118.25,-7.75,118.25,2004,10,2004-10,
LAT-7.75_LON118.75,-7.75,118.75,2004,10,2004-10,
LAT-7.75_LON119.25,-7.75,119.25,2004,10,2004-10,
LAT-9.25_LON115.75,-9.25,115.75,2004,11,2004-11,
LAT-9.25_LON116.25,-9.25,116.25,2004,11,2004-11,
LAT-9.25_LON116.75,-9.25,116.75,2004,11,2004-11,
LAT-9.25_LON117.25,-9.25,117.25,2004,11,2004-11,
LAT-9.25_LON117.75,-9.25,117.75,2004,11,2004-11,
LAT-9.25_LON118.25,-9.25,118.25,2004,11,2004-11,
LAT-9.25_LON118.75,-9.25,118.75,2004,11,2004-11,
LAT-9.25_LON119.25,-9.25,119.25,2004,11,2004-11,
LAT-8.75_LON115.75,-8.75,115.75,2004,11,2004-11,
LAT-8.75_LON116.25,-8.75,116.25,2004,11,2004-11,24.369377803087243
LAT-8.75_LON116.75,-8.75,116.75,2004,11,2004-11,
LAT-8.75_LON117.25,-8.75,117.25,2004,11,2004-11,19.202704349001245
LAT-8.75_LON117.75,-8.75,117.75,2004,11,2004-11,
LAT-8.75_LON118.25,-8.75,118.25,2004,11,2004-11,
LAT-8.75_LON118.75,-8.75,118.75,2004,11,2004-11,21.177569419622426
LAT-8.75_LON119.25,-8.75,119.25,2004,11,2004-11,
LAT-8.25_LON115.75,-8.25,115.75,2004,11,2004-11,
LAT-8.25_LON116.25,-8.25,116.25,2004,11,2004-11,
LAT-8.25_LON116.75,-8.25,116.75,2004,11,2004-11,
LAT-8.25_LON117.25,-8.25,117.25,2004,11,2004-11,
LAT-8.25_LON117.75,-8.25,117.75,2004,11,2004-11,14.803714252432188
LAT-8.25_LON118.25,-8.25,118.25,2004,11,2004-11,
LAT-8.25_LON118.75,-8.25,118.75,2004,11,2004-11,
LAT-8.25_LON119.25,-8.25,119.25,2004,11,2004-11,
LAT-7.75_LON115.75,-7.75,115.75,2004,11,2004-11,
LAT-7.75_LON116.25,-7.75,116.25,2004,11,2004-11,
LAT-7.75_LON116.75,-7.75,116.75,2004,11,2004-11,
LAT-7.75_LON117.25,-7.75,117.25,2004,11,2004-11,
LAT-7.75_LON117.75,-7.75,117.75,2004,11,2004-11,
LAT-7.75_LON118.25,-7.75,118.25,2004,11,2004-11,
LAT-7.75_LON118.75,-7.75,118.75,2004,11,2004-11,
LAT-7.75_LON119.25,-7.75,119.25,2004,11,2004-11,
LAT-9.25_LON115.75,-9.25,115.75,2004,12,2004-12,
LAT-9.25_LON116.25,-9.25,116.25,2004,12,2004-12,
LAT-9.25_LON116.75,-9.25,116.75,2004,12,2004-12,
LAT-9.25_LON117.25,-9.25,117.25,2004,12,2004-12,
LAT-9.25_LON117.75,-9.25,117.75,2004,12,2004-12,
LAT-9.25_LON118.25,-9.25,118.25,2004,12,2004-12,
LAT-9.25_LON118.75,-9.25,118.75,2004,12,2004-12,
LAT-9.25_LON119.25,-9.25,119.25,2004,12,2004-12,
LAT-8.75_LON115.75,-8.75,115.75,2004,12,2004-12,
LAT-8.75_LON116.25,-8.75,116.25,2004,12,2004-12,42.20854225804729
LAT-8.75_LON116.75,-8.75,116.75,2004,12,2004-12,
LAT-8.75_LON117.25,-8.75,117.25,2004,12,2004-12,34.30746209375321
LAT-8.75_LON117.75,-8.75,117.75,2004,12,2004-12,
LAT-8.75_LON118.25,-8.75,118.25,2004,12,2004-12,
LAT-8.75_LON118.75,-8.75,118.75,2004,12,2004-12,25.795752253532417
LAT-8.75_LON119.25,-8.75,119.25,2004,12,2004-12,
LAT-8.25_LON115.75,-8.25,115.75,2004,12,2004-12,
LAT-8.25_LON116.25,-8.25,116.25,2004,12,2004-12,
LAT-8.25_LON116.75,-8.25,116.75,2004,12,2004-12,
LAT-8.25_LON117.25,-8.25,117.25,2004,12,2004-12,
LAT-8.25_LON117.75,-8.25,117.75,2004,12,2004-12,24.88530560231978
LAT-8.25_LON118.25,-8.25,118.25,2004,12,2004-12,
LAT-8.25_LON118.75,-8.25,118.75,2004,12,2004-12,
LAT-8.25_LON119.25,-8.25,119.25,2004,12,2004-12,
LAT-7.75_LON115.75,-7.75,115.75,2004,12,2004-12,
LAT-7.75_LON116.25,-7.75,116.25,2004,12,2004-12,
LAT-7.75_LON116.75,-7.75,116.75,2004,12,2004-12,
LAT-7.75_LON117.25,-7.75,117.25,2004,12,2004-12,
LAT-7.75_LON117.75,-7.75,117.75,2004,12,2004-12,
LAT-7.75_LON118.25,-7.75,118.25,2004,12,2004-12,
LAT-7.75_LON118.75,-7.75,118.75,2004,12,2004-12,
LAT-7.75_LON119.25,-7.75,119.25,2004,12,2004-12,
LAT-9.25_LON115.75,-9.25,115.75,2005,1,2005-01,
LAT-9.25_LON116.25,-9.25,116.25,2005,1,2005-01,
LAT-9.25_LON116.75,-9.25,116.75,2005,1,2005-01,
LAT-9.25_LON117.25,-9.25,117.25,2005,1,2005-01,
LAT-9.25_LON117.75,-9.25,117.75,2005,1,2005-01,
LAT-9.25_LON118.25,-9.25,118.25,2005,1,2005-01,
LAT-9.25_LON118.75,-9.25,118.75,2005,1,2005-01,
LAT-9.25_LON119.25,-9.25,119.25,2005,1,2005-01,
LAT-8.75_LON115.75,-8.75,115.75,2005,1,2005-01,
LAT-8.75_LON116.25,-8.75,116.25,2005,1,2005-01,40.78729031201331
LAT-8.75_LON116.75,-8.75,116.75,2005,1,2005-01,
LAT-8.75_LON117.25,-8.75,117.25,2005,1,2005-01,39.67626371599012
LAT-8.75_LON117.75,-8.75,117.75,2005,1,2005-01,
LAT-8.75_LON118.25,-8.75,118.25,2005,1,2005-01,
LAT-8.75_LON118.75,-8.75,118.75,2005,1,2005-01,29.776580150435056
LAT-8.75_LON119.25,-8.75,119.25,2005,1,2005-01,
LAT-8.25_LON115.75,-8.25,115.75,2005,1,2005-01,
LAT-8.25_LON116.25,-8.25,116.25,2005,1,2005-01,
LAT-8.25_LON116.75,-8.25,116.75,2005,1,2005-01,
LAT-8.25_LON117.25,-8.25,117.25,2005,1,2005-01,
LAT-8.25_LON117.75,-8.25,117.75,2005,1,2005-01,34.08886790421702
LAT-8.25_LON118.25,-8.25,118.25,2005,1,2005-01,
LAT-8.25_LON118.75,-8.25,118.75,2005,1,2005-01,
LAT-8.25_LON119.25,-8.25,119.25,2005,1,2005-01,
LAT-7.75_LON115.75,-7.75,115.75,2005,1,2005-01,
LAT-7.75_LON116.25,-7.75,116.25,2005,1,2005-01,
LAT-7.75_LON116.75,-7.75,116.75,2005,1,2005-01,
LAT-7.75_LON117.25,-7.75,117.25,2005,1,2005-01,
LAT-7.75_LON117.75,-7.75,117.75,2005,1,2005-01,
LAT-7.75_LON118.25,-7.75,118.25,2005,1,2005-01,
LAT-7.75_LON118.75,-7.75,118.75,2005,1,2005-01,
LAT-7.75_LON119.25,-7.75,119.25,2005,1,2005-01,
LAT-9.25_LON115.75,-9.25,115.75,2005,2,2005-02,
LAT-9.25_LON116.25,-9.25,116.25,2005,2,2005-02,
LAT-9.25_LON116.75,-9.25,116.75,2005,2,2005-02,
LAT-9.25_LON117.25,-9.25,117.25,2005,2,2005-02,
LAT-9.25_LON117.75,-9.25,117.75,2005,2,2005-02,
LAT-9.25_LON118.25,-9.25,118.25,2005,2,2005-02,
LAT-9.25_LON118.75,-9.25,118.75,2005,2,2005-02,
LAT-9.25_LON119.25,-9.25,119.25,2005,2,2005-02,
LAT-8.75_LON115.75,-8.75,115.75,2005,2,2005-02,
LAT-8.75_LON116.25,-8.75,116.25,2005,2,2005-02,40.099606711012996
LAT-8.75_LON116.75,-8.75,116.75,2005,2,2005-02,
LAT-8.75_LON117.25,-8.75,117.25,2005,2,2005-02,40.533193986330694
LAT-8.75_LON117.75,-8.75,117.75,2005,2,2005-02,
LAT-8.75_LON118.25,-8.75,118.25,2005,2,2005-02,
LAT-8.75_LON118.75,-8.75,118.75,2005,2,2005-02,31.543937749096333
LAT-8.75_LON119.25,-8.75,119.25,2005,2,2005-02,
LAT-8.25_LON115.75,-8.25,115.75,2005,2,2005-02,
LAT-8.25_LON116.25,-8.25,116.25,2005,2,2005-02,
LAT-8.25_LON116.75,-8.25,116.75,2005,2,2005-02,
LAT-8.25_LON117.25,-8.25,117.25,2005,2,2005-02,
LAT-8.25_LON117.75,-8.25,117.75,2005,2,2005-02,38.221017625076406
LAT-8.25_LON118.25,-8.25,118.25,2005,2,2005-02,
LAT-8.25_LON118.75,-8.25,118.75,2005,2,2005-02,
LAT-8.25_LON119.25,-8.25,119.25,2005,2,2005-02,
LAT-7.75_LON115.75,-7.75,115.75,2005,2,2005-02,
LAT-7.75_LON116.25,-7.75,116.25,2005,2,2005-02,
LAT-7.75_LON116.75,-7.75,116.75,2005,2,2005-02,
LAT-7.75_LON117.25,-7.75,117.25,2005,2,2005-02,
LAT-7.75_LON117.75,-7.75,117.75,2005,2,2005-02,
LAT-7.75_LON118.25,-7.75,118.25,2005,2,2005-02,
LAT-7.75_LON118.75,-7.75,118.75,2005,2,2005-02,
LAT-7.75_LON119.25,-7.75,119.25,2005,2,2005-02,
LAT-9.25_LON115.75,-9.25,115.75,2005,3,2005-03,
LAT-9.25_LON116.25,-9.25,116.25,2005,3,2005-03,
LAT-9.25_LON116.75,-9.25,116.75,2005,3,2005-03,
LAT-9.25_LON117.25,-9.25,117.25,2005,3,2005-03,
LAT-9.25_LON117.75,-9.25,117.75,2005,3,2005-03,
LAT-9.25_LON118.25,-9.25,118.25,2005,3,2005-03,
LAT-9.25_LON118.75,-9.25,118.75,2005,3,2005-03,
LAT-9.25_LON119.25,-9.25,119.25,2005,3,2005-03,
LAT-8.75_LON115.75,-8.75,115.75,2005,3,2005-03,
LAT-8.75_LON116.25,-8.75,116.25,2005,3,2005-03,40.81675875671447
LAT-8.75_LON116.75,-8.75,116.75,2005,3,2005-03,
LAT-8.75_LON117.25,-8.75,117.25,2005,3,2005-03,41.55977214136433
LAT-8.75_LON117.75,-8.75,117.75,2005,3,2005-03,
LAT-8.75_LON118.25,-8.75,118.25,2005,3,2005-03,
LAT-8.75_LON118.75,-8.75,118.75,2005,3,2005-03,30.54049977202569
LAT-8.75_LON119.25,-8.75,119.25,2005,3,2005-03,
LAT-8.25_LON115.75,-8.25,115.75,2005,3,2005-03,
LAT-8.25_LON116.25,-8.25,116.25,2005,3,2005-03,
LAT-8.25_LON116.75,-8.25,116.75,2005,3,2005-03,
LAT-8.25_LON117.25,-8.25,117.25,2005,3,2005-03,
LAT-8.25_LON117.75,-8.25,117.75,2005,3,2005-03,39.160621643835505
LAT-8.25_LON118.25,-8.25,118.25,2005,3,2005-03,
LAT-8.25_LON118.75,-8.25,118.75,2005,3,2005-03,
LAT-8.25_LON119.25,-8.25,119.25,2005,3,2005-03,
LAT-7.75_LON115.75,-7.75,115.75,2005,3,2005-03,
LAT-7.75_LON116.25,-7.75,116.25,2005,3,2005-03,
LAT-7.75_LON116.75,-7.75,116.75,2005,3,2005-03,
LAT-7.75_LON117.25,-7.75,117.25,2005,3,2005-03,
LAT-7.75_LON117.75,-7.75,117.75,2005,3,2005-03,
LAT-7.75_LON118.25,-7.75,118.25,2005,3,2005-03,
LAT-7.75_LON118.75,-7.75,118.75,2005,3,2005-03,
LAT-7.75_LON119.25,-7.75,119.25,2005,3,2005-03,
LAT-9.25_LON115.75,-9.25,115.75,2005,4,2005-04,
LAT-9.25_LON116.25,-9.25,116.25,2005,4,2005-04,
LAT-9.25_LON116.75,-9.25,116.75,2005,4,2005-04,
LAT-9.25_LON117.25,-9.25,117.25,2005,4,2005-04,
LAT-9.25_LON117.75,-9.25,117.75,2005,4,2005-04,
LAT-9.25_LON118.25,-9.25,118.25,2005,4,2005-04,
LAT-9.25_LON118.75,-9.25,118.75,2005,4,2005-04,
LAT-9.25_LON119.25,-9.25,119.25,2005,4,2005-04,
LAT-8.75_LON115.75,-8.75,115.75,2005,4,2005-04,
LAT-8.75_LON116.25,-8.75,116.25,2005,4,2005-04,42.677942612171165
LAT-8.75_LON116.75,-8.75,116.75,2005,4,2005-04,
LAT-8.75_LON117.25,-8.75,117.25,2005,4,2005-04,43.40662197486559
LAT-8.75_LON117.75,-8.75,117.75,2005,4,2005-04,
LAT-8.75_LON118.25,-8.75,118.25,2005,4,2005-04,
LAT-8.75_LON118.75,-8.75,118.75,2005,4,2005-04,36.9364091623624
LAT-8.75_LON119.25,-8.75,119.25,2005,4,2005-04,
LAT-8.25_LON115.75,-8.25,115.75,2005,4,2005-04,
LAT-8.25_LON116.25,-8.25,116.25,2005,4,2005-04,
LAT-8.25_LON116.75,-8.25,116.75,2005,4,2005-04,
LAT-8.25_LON117.25,-8.25,117.25,2005,4,2005-04,
LAT-8.25_LON117.75,-8.25,117.75,2005,4,2005-04,42.88755375289914
LAT-8.25_LON118.25,-8.25,118.25,2005,4,2005-04,
LAT-8.25_LON118.75,-8.25,118.75,2005,4,2005-04,
LAT-8.25_LON119.25,-8.25,119.25,2005,4,2005-04,
LAT-7.75_LON115.75,-7.75,115.75,2005,4,2005-04,
LAT-7.75_LON116.25,-7.75,116.25,2005,4,2005-04,
LAT-7.75_LON116.75,-7.75,116.75,2005,4,2005-04,
LAT-7.75_LON117.25,-7.75,117.25,2005,4,2005-04,
LAT-7.75_LON117.75,-7.75,117.75,2005,4,2005-04,
LAT-7.75_LON118.25,-7.75,118.25,2005,4,2005-04,
LAT-7.75_LON118.75,-7.75,118.75,2005,4,2005-04,
LAT-7.75_LON119.25,-7.75,119.25,2005,4,2005-04,
LAT-9.25_LON115.75,-9.25,115.75,2005,5,2005-05,
LAT-9.25_LON116.25,-9.25,116.25,2005,5,2005-05,
LAT-9.25_LON116.75,-9.25,116.75,2005,5,2005-05,
LAT-9.25_LON117.25,-9.25,117.25,2005,5,2005-05,
LAT-9.25_LON117.75,-9.25,117.75,2005,5,2005-05,
LAT-9.25_LON118.25,-9.25,118.25,2005,5,2005-05,
LAT-9.25_LON118.75,-9.25,118.75,2005,5,2005-05,
LAT-9.25_LON119.25,-9.25,119.25,2005,5,2005-05,
LAT-8.75_LON115.75,-8.75,115.75,2005,5,2005-05,
LAT-8.75_LON116.25,-8.75,116.25,2005,5,2005-05,34.285848220894415
LAT-8.75_LON116.75,-8.75,116.75,2005,5,2005-05,
LAT-8.75_LON117.25,-8.75,117.25,2005,5,2005-05,34.892131274361745
LAT-8.75_LON117.75,-8.75,117.75,2005,5,2005-05,
LAT-8.75_LON118.25,-8.75,118.25,2005,5,2005-05,
LAT-8.75_LON118.75,-8.75,118.75,2005,5,2005-05,32.8728973098724
LAT-8.75_LON119.25,-8.75,119.25,2005,5,2005-05,
LAT-8.25_LON115.75,-8.25,115.75,2005,5,2005-05,
LAT-8.25_LON116.25,-8.25,116.25,2005,5,2005-05,
LAT-8.25_LON116.75,-8.25,116.75,2005,5,2005-05,
LAT-8.25_LON117.25,-8.25,117.25,2005,5,2005-05,
LAT-8.25_LON117.75,-8.25,117.75,2005,5,2005-05,34.751228517024735
LAT-8.25_LON118.25,-8.25,118.25,2005,5,2005-05,
LAT-8.25_LON118.75,-8.25,118.75,2005,5,2005-05,
LAT-8.25_LON119.25,-8.25,119.25,2005,5,2005-05,
LAT-7.75_LON115.75,-7.75,115.75,2005,5,2005-05,
LAT-7.75_LON116.25,-7.75,116.25,2005,5,2005-05,
LAT-7.75_LON116.75,-7.75,116.75,2005,5,2005-05,
LAT-7.75_LON117.25,-7.75,117.25,2005,5,2005-05,
LAT-7.75_LON117.75,-7.75,117.75,2005,5,2005-05,
LAT-7.75_LON118.25,-7.75,118.25,2005,5,2005-05,
LAT-7.75_LON118.75,-7.75,118.75,2005,5,2005-05,
LAT-7.75_LON119.25,-7.75,119.25,2005,5,2005-05,
LAT-9.25_LON115.75,-9.25,115.75,2005,6,2005-06,
LAT-9.25_LON116.25,-9.25,116.25,2005,6,2005-06,
LAT-9.25_LON116.75,-9.25,116.75,2005,6,2005-06,
LAT-9.25_LON117.25,-9.25,117.25,2005,6,2005-06,
LAT-9.25_LON117.75,-9.25,117.75,2005,6,2005-06,
LAT-9.25_LON118.25,-9.25,118.25,2005,6,2005-06,
LAT-9.25_LON118.75,-9.25,118.75,2005,6,2005-06,
LAT-9.25_LON119.25,-9.25,119.25,2005,6,2005-06,
LAT-8.75_LON115.75,-8.75,115.75,2005,6,2005-06,
LAT-8.75_LON116.25,-8.75,116.25,2005,6,2005-06,28.7979477667014
LAT-8.75_LON116.75,-8.75,116.75,2005,6,2005-06,
LAT-8.75_LON117.25,-8.75,117.25,2005,6,2005-06,28.43423793129126
LAT-8.75_LON117.75,-8.75,117.75,2005,6,2005-06,
LAT-8.75_LON118.25,-8.75,118.25,2005,6,2005-06,
LAT-8.75_LON118.75,-8.75,118.75,2005,6,2005-06,28.160026062210385
LAT-8.75_LON119.25,-8.75,119.25,2005,6,2005-06,
LAT-8.25_LON115.75,-8.25,115.75,2005,6,2005-06,
LAT-8.25_LON116.25,-8.25,116.25,2005,6,2005-06,
LAT-8.25_LON116.75,-8.25,116.75,2005,6,2005-06,
LAT-8.25_LON117.25,-8.25,117.25,2005,6,2005-06,
LAT-8.25_LON117.75,-8.25,117.75,2005,6,2005-06,28.18712525995572
LAT-8.25_LON118.25,-8.25,118.25,2005,6,2005-06,
LAT-8.25_LON118.75,-8.25,118.75,2005,6,2005-06,
LAT-8.25_LON119.25,-8.25,119.25,2005,6,2005-06,
LAT-7.75_LON115.75,-7.75,115.75,2005,6,2005-06,
LAT-7.75_LON116.25,-7.75,116.25,2005,6,2005-06,
LAT-7.75_LON116.75,-7.75,116.75,2005,6,2005-06,
LAT-7.75_LON117.25,-7.75,117.25,2005,6,2005-06,
LAT-7.75_LON117.75,-7.75,117.75,2005,6,2005-06,
LAT-7.75_LON118.25,-7.75,118.25,2005,6,2005-06,
LAT-7.75_LON118.75,-7.75,118.75,2005,6,2005-06,
LAT-7.75_LON119.25,-7.75,119.25,2005,6,2005-06,
LAT-9.25_LON115.75,-9.25,115.75,2005,7,2005-07,
LAT-9.25_LON116.25,-9.25,116.25,2005,7,2005-07,
LAT-9.25_LON116.75,-9.25,116.75,2005,7,2005-07,
LAT-9.25_LON117.25,-9.25,117.25,2005,7,2005-07,
LAT-9.25_LON117.75,-9.25,117.75,2005,7,2005-07,
LAT-9.25_LON118.25,-9.25,118.25,2005,7,2005-07,
LAT-9.25_LON118.75,-9.25,118.75,2005,7,2005-07,
LAT-9.25_LON119.25,-9.25,119.25,2005,7,2005-07,
LAT-8.75_LON115.75,-8.75,115.75,2005,7,2005-07,
LAT-8.75_LON116.25,-8.75,116.25,2005,7,2005-07,25.62160865006908
LAT-8.75_LON116.75,-8.75,116.75,2005,7,2005-07,
LAT-8.75_LON117.25,-8.75,117.25,2005,7,2005-07,25.266371284300273
LAT-8.75_LON117.75,-8.75,117.75,2005,7,2005-07,
LAT-8.75_LON118.25,-8.75,118.25,2005,7,2005-07,
LAT-8.75_LON118.75,-8.75,118.75,2005,7,2005-07,26.271972561690106
LAT-8.75_LON119.25,-8.75,119.25,2005,7,2005-07,
LAT-8.25_LON115.75,-8.25,115.75,2005,7,2005-07,
LAT-8.25_LON116.25,-8.25,116.25,2005,7,2005-07,
LAT-8.25_LON116.75,-8.25,116.75,2005,7,2005-07,
LAT-8.25_LON117.25,-8.25,117.25,2005,7,2005-07,
LAT-8.25_LON117.75,-8.25,117.75,2005,7,2005-07,24.20466506596533
LAT-8.25_LON118.25,-8.25,118.25,2005,7,2005-07,
LAT-8.25_LON118.75,-8.25,118.75,2005,7,2005-07,
LAT-8.25_LON119.25,-8.25,119.25,2005,7,2005-07,
LAT-7.75_LON115.75,-7.75,115.75,2005,7,2005-07,
LAT-7.75_LON116.25,-7.75,116.25,2005,7,2005-07,
LAT-7.75_LON116.75,-7.75,116.75,2005,7,2005-07,
LAT-7.75_LON117.25,-7.75,117.25,2005,7,2005-07,
LAT-7.75_LON117.75,-7.75,117.75,2005,7,2005-07,
LAT-7.75_LON118.25,-7.75,118.25,2005,7,2005-07,
LAT-7.75_LON118.75,-7.75,118.75,2005,7,2005-07,
LAT-7.75_LON119.25,-7.75,119.25,2005,7,2005-07,
LAT-9.25_LON115.75,-9.25,115.75,2005,8,2005-08,
LAT-9.25_LON116.25,-9.25,116.25,2005,8,2005-08,
LAT-9.25_LON116.75,-9.25,116.75,2005,8,2005-08,
LAT-9.25_LON117.25,-9.25,117.25,2005,8,2005-08,
LAT-9.25_LON117.75,-9.25,117.75,2005,8,2005-08,
LAT-9.25_LON118.25,-9.25,118.25,2005,8,2005-08,
LAT-9.25_LON118.75,-9.25,118.75,2005,8,2005-08,
LAT-9.25_LON119.25,-9.25,119.25,2005,8,2005-08,
LAT-8.75_LON115.75,-8.75,115.75,2005,8,2005-08,
LAT-8.75_LON116.25,-8.75,116.25,2005,8,2005-08,22.72099515876462
LAT-8.75_LON116.75,-8.75,116.75,2005,8,2005-08,
LAT-8.75_LON117.25,-8.75,117.25,2005,8,2005-08,22.10289561610068
LAT-8.75_LON117.75,-8.75,117.75,2005,8,2005-08,
LAT-8.75_LON118.25,-8.75,118.25,2005,8,2005-08,
LAT-8.75_LON118.75,-8.75,118.75,2005,8,2005-08,24.30145107380805
LAT-8.75_LON119.25,-8.75,119.25,2005,8,2005-08,
LAT-8.25_LON115.75,-8.25,115.75,2005,8,2005-08,
LAT-8.25_LON116.25,-8.25,116.25,2005,8,2005-08,
LAT-8.25_LON116.75,-8.25,116.75,2005,8,2005-08,
LAT-8.25_LON117.25,-8.25,117.25,2005,8,2005-08,
LAT-8.25_LON117.75,-8.25,117.75,2005,8,2005-08,20.138611176475393
LAT-8.25_LON118.25,-8.25,118.25,2005,8,2005-08,
LAT-8.25_LON118.75,-8.25,118.75,2005,8,2005-08,
LAT-8.25_LON119.25,-8.25,119.25,2005,8,2005-08,
LAT-7.75_LON115.75,-7.75,115.75,2005,8,2005-08,
LAT-7.75_LON116.25,-7.75,116.25,2005,8,2005-08,
LAT-7.75_LON116.75,-7.75,116.75,2005,8,2005-08,
LAT-7.75_LON117.25,-7.75,117.25,2005,8,2005-08,
LAT-7.75_LON117.75,-7.75,117.75,2005,8,2005-08,
LAT-7.75_LON118.25,-7.75,118.25,2005,8,2005-08,
LAT-7.75_LON118.75,-7.75,118.75,2005,8,2005-08,
LAT-7.75_LON119.25,-7.75,119.25,2005,8,2005-08,
LAT-9.25_LON115.75,-9.25,115.75,2005,9,2005-09,
LAT-9.25_LON116.25,-9.25,116.25,2005,9,2005-09,
LAT-9.25_LON116.75,-9.25,116.75,2005,9,2005-09,
LAT-9.25_LON117.25,-9.25,117.25,2005,9,2005-09,
LAT-9.25_LON117.75,-9.25,117.75,2005,9,2005-09,
LAT-9.25_LON118.25,-9.25,118.25,2005,9,2005-09,
LAT-9.25_LON118.75,-9.25,118.75,2005,9,2005-09,
LAT-9.25_LON119.25,-9.25,119.25,2005,9,2005-09,
LAT-8.75_LON115.75,-8.75,115.75,2005,9,2005-09,
LAT-8.75_LON116.25,-8.75,116.25,2005,9,2005-09,20.974692926963183
LAT-8.75_LON116.75,-8.75,116.75,2005,9,2005-09,
LAT-8.75_LON117.25,-8.75,117.25,2005,9,2005-09,19.728074687838546
LAT-8.75_LON117.75,-8.75,117.75,2005,9,2005-09,
LAT-8.75_LON118.25,-8.75,118.25,2005,9,2005-09,
LAT-8.75_LON118.75,-8.75,118.75,2005,9,2005-09,23.04797679519652
LAT-8.75_LON119.25,-8.75,119.25,2005,9,2005-09,
LAT-8.25_LON115.75,-8.25,115.75,2005,9,2005-09,
LAT-8.25_LON116.25,-8.25,116.25,2005,9,2005-09,
LAT-8.25_LON116.75,-8.25,116.75,2005,9,2005-09,
LAT-8.25_LON117.25,-8.25,117.25,2005,9,2005-09,
LAT-8.25_LON117.75,-8.25,117.75,2005,9,2005-09,16.78306340889135
LAT-8.25_LON118.25,-8.25,118.25,2005,9,2005-09,
LAT-8.25_LON118.75,-8.25,118.75,2005,9,2005-09,
LAT-8.25_LON119.25,-8.25,119.25,2005,9,2005-09,
LAT-7.75_LON115.75,-7.75,115.75,2005,9,2005-09,
LAT-7.75_LON116.25,-7.75,116.25,2005,9,2005-09,
LAT-7.75_LON116.75,-7.75,116.75,2005,9,2005-09,
LAT-7.75_LON117.25,-7.75,117.25,2005,9,2005-09,
LAT-7.75_LON117.75,-7.75,117.75,2005,9,2005-09,
LAT-7.75_LON118.25,-7.75,118.25,2005,9,2005-09,
LAT-7.75_LON118.75,-7.75,118.75,2005,9,2005-09,
LAT-7.75_LON119.25,-7.75,119.25,2005,9,2005-09,
LAT-9.25_LON115.75,-9.25,115.75,2005,10,2005-10,
LAT-9.25_LON116.25,-9.25,116.25,2005,10,2005-10,
LAT-9.25_LON116.75,-9.25,116.75,2005,10,2005-10,
LAT-9.25_LON117.25,-9.25,117.25,2005,10,2005-10,
LAT-9.25_LON117.75,-9.25,117.75,2005,10,2005-10,
LAT-9.25_LON118.25,-9.25,118.25,2005,10,2005-10,
LAT-9.25_LON118.75,-9.25,118.75,2005,10,2005-10,
LAT-9.25_LON119.25,-9.25,119.25,2005,10,2005-10,
LAT-8.75_LON115.75,-8.75,115.75,2005,10,2005-10,
LAT-8.75_LON116.25,-8.75,116.25,2005,10,2005-10,21.03587701105303
LAT-8.75_LON116.75,-8.75,116.75,2005,10,2005-10,
LAT-8.75_LON117.25,-8.75,117.25,2005,10,2005-10,19.06290370968079
LAT-8.75_LON117.75,-8.75,117.75,2005,10,2005-10,
LAT-8.75_LON118.25,-8.75,118.25,2005,10,2005-10,
LAT-8.75_LON118.75,-8.75,118.75,2005,10,2005-10,22.454199620408417
LAT-8.75_LON119.25,-8.75,119.25,2005,10,2005-10,
LAT-8.25_LON115.75,-8.25,115.75,2005,10,2005-10,
LAT-8.25_LON116.25,-8.25,116.25,2005,10,2005-10,
LAT-8.25_LON116.75,-8.25,116.75,2005,10,2005-10,
LAT-8.25_LON117.25,-8.25,117.25,2005,10,2005-10,
LAT-8.25_LON117.75,-8.25,117.75,2005,10,2005-10,14.999665724154447
LAT-8.25_LON118.25,-8.25,118.25,2005,10,2005-10,
LAT-8.25_LON118.75,-8.25,118.75,2005,10,2005-10,
LAT-8.25_LON119.25,-8.25,119.25,2005,10,2005-10,
LAT-7.75_LON115.75,-7.75,115.75,2005,10,2005-10,
LAT-7.75_LON116.25,-7.75,116.25,2005,10,2005-10,
LAT-7.75_LON116.75,-7.75,116.75,2005,10,2005-10,
LAT-7.75_LON117.25,-7.75,117.25,2005,10,2005-10,
LAT-7.75_LON117.75,-7.75,117.75,2005,10,2005-10,
LAT-7.75_LON118.25,-7.75,118.25,2005,10,2005-10,
LAT-7.75_LON118.75,-7.75,118.75,2005,10,2005-10,
LAT-7.75_LON119.25,-7.75,119.25,2005,10,2005-10,
LAT-9.25_LON115.75,-9.25,115.75,2005,11,2005-11,
LAT-9.25_LON116.25,-9.25,116.25,2005,11,2005-11,
LAT-9.25_LON116.75,-9.25,116.75,2005,11,2005-11,
LAT-9.25_LON117.25,-9.25,117.25,2005,11,2005-11,
LAT-9.25_LON117.75,-9.25,117.75,2005,11,2005-11,
LAT-9.25_LON118.25,-9.25,118.25,2005,11,2005-11,
LAT-9.25_LON118.75,-9.25,118.75,2005,11,2005-11,
LAT-9.25_LON119.25,-9.25,119.25,2005,11,2005-11,
LAT-8.75_LON115.75,-8.75,115.75,2005,11,2005-11,
LAT-8.75_LON116.25,-8.75,116.25,2005,11,2005-11,22.258667152841895
LAT-8.75_LON116.75,-8.75,116.75,2005,11,2005-11,
LAT-8.75_LON117.25,-8.75,117.25,2005,11,2005-11,19.494325702746703
LAT-8.75_LON117.75,-8.75,117.75,2005,11,2005-11,
LAT-8.75_LON118.25,-8.75,118.25,2005,11,2005-11,
LAT-8.75_LON118.75,-8.75,118.75,2005,11,2005-11,22.660931539932893
LAT-8.75_LON119.25,-8.75,119.25,2005,11,2005-11,
LAT-8.25_LON115.75,-8.25,115.75,2005,11,2005-11,
LAT-8.25_LON116.25,-8.25,116.25,2005,11,2005-11,
LAT-8.25_LON116.75,-8.25,116.75,2005,11,2005-11,
LAT-8.25_LON117.25,-8.25,117.25,2005,11,2005-11,
LAT-8.25_LON117.75,-8.25,117.75,2005,11,2005-11,14.754619150479638
LAT-8.25_LON118.25,-8.25,118.25,2005,11,2005-11,
LAT-8.25_LON118.75,-8.25,118.75,2005,11,2005-11,
LAT-8.25_LON119.25,-8.25,119.25,2005,11,2005-11,
LAT-7.75_LON115.75,-7.75,115.75,2005,11,2005-11,
LAT-7.75_LON116.25,-7.75,116.25,2005,11,2005-11,
LAT-7.75_LON116.75,-7.75,116.75,2005,11,2005-11,
LAT-7.75_LON117.25,-7.75,117.25,2005,11,2005-11,
LAT-7.75_LON117.75,-7.75,117.75,2005,11,2005-11,
LAT-7.75_LON118.25,-7.75,118.25,2005,11,2005-11,
LAT-7.75_LON118.75,-7.75,118.75,2005,11,2005-11,
LAT-7.75_LON119.25,-7.75,119.25,2005,11,2005-11,
LAT-9.25_LON115.75,-9.25,115.75,2005,12,2005-12,
LAT-9.25_LON116.25,-9.25,116.25,2005,12,2005-12,
LAT-9.25_LON116.75,-9.25,116.75,2005,12,2005-12,
LAT-9.25_LON117.25,-9.25,117.25,2005,12,2005-12,
LAT-9.25_LON117.75,-9.25,117.75,2005,12,2005-12,
LAT-9.25_LON118.25,-9.25,118.25,2005,12,2005-12,
LAT-9.25_LON118.75,-9.25,118.75,2005,12,2005-12,
LAT-9.25_LON119.25,-9.25,119.25,2005,12,2005-12,
LAT-8.75_LON115.75,-8.75,115.75,2005,12,2005-12,
LAT-8.75_LON116.25,-8.75,116.25,2005,12,2005-12,30.112470804183705
LAT-8.75_LON116.75,-8.75,116.75,2005,12,2005-12,
LAT-8.75_LON117.25,-8.75,117.25,2005,12,2005-12,25.450229361134195
LAT-8.75_LON117.75,-8.75,117.75,2005,12,2005-12,
LAT-8.75_LON118.25,-8.75,118.25,2005,12,2005-12,
LAT-8.75_LON118.75,-8.75,118.75,2005,12,2005-12,27.15388997293287
LAT-8.75_LON119.25,-8.75,119.25,2005,12,2005-12,
LAT-8.25_LON115.75,-8.25,115.75,2005,12,2005-12,
LAT-8.25_LON116.25,-8.25,116.25,2005,12,2005-12,
LAT-8.25_LON116.75,-8.25,116.75,2005,12,2005-12,
LAT-8.25_LON117.25,-8.25,117.25,2005,12,2005-12,
LAT-8.25_LON117.75,-8.25,117.75,2005,12,2005-12,19.373483618843938
LAT-8.25_LON118.25,-8.25,118.25,2005,12,2005-12,
LAT-8.25_LON118.75,-8.25,118.75,2005,12,2005-12,
LAT-8.25_LON119.25,-8.25,119.25,2005,12,2005-12,
LAT-7.75_LON115.75,-7.75,115.75,2005,12,2005-12,
LAT-7.75_LON116.25,-7.75,116.25,2005,12,2005-12,
LAT-7.75_LON116.75,-7.75,116.75,2005,12,2005-12,
LAT-7.75_LON117.25,-7.75,117.25,2005,12,2005-12,
LAT-7.75_LON117.75,-7.75,117.75,2005,12,2005-12,
LAT-7.75_LON118.25,-7.75,118.25,2005,12,2005-12,
LAT-7.75_LON118.75,-7.75,118.75,2005,12,2005-12,
LAT-7.75_LON119.25,-7.75,119.25,2005,12,2005-12,
LAT-9.25_LON115.75,-9.25,115.75,2006,1,2006-01,
LAT-9.25_LON116.25,-9.25,116.25,2006,1,2006-01,
LAT-9.25_LON116.75,-9.25,116.75,2006,1,2006-01,
LAT-9.25_LON117.25,-9.25,117.25,2006,1,2006-01,
LAT-9.25_LON117.75,-9.25,117.75,2006,1,2006-01,
LAT-9.25_LON118.25,-9.25,118.25,2006,1,2006-01,
LAT-9.25_LON118.75,-9.25,118.75,2006,1,2006-01,
LAT-9.25_LON119.25,-9.25,119.25,2006,1,2006-01,
LAT-8.75_LON115.75,-8.75,115.75,2006,1,2006-01,
LAT-8.75_LON116.25,-8.75,116.25,2006,1,2006-01,42.31151551138971
LAT-8.75_LON116.75,-8.75,116.75,2006,1,2006-01,
LAT-8.75_LON117.25,-8.75,117.25,2006,1,2006-01,38.69507374063616
LAT-8.75_LON117.75,-8.75,117.75,2006,1,2006-01,
LAT-8.75_LON118.25,-8.75,118.25,2006,1,2006-01,
LAT-8.75_LON118.75,-8.75,118.75,2006,1,2006-01,37.94845492509107
LAT-8.75_LON119.25,-8.75,119.25,2006,1,2006-01,
LAT-8.25_LON115.75,-8.25,115.75,2006,1,2006-01,
LAT-8.25_LON116.25,-8.25,116.25,2006,1,2006-01,
LAT-8.25_LON116.75,-8.25,116.75,2006,1,2006-01,
LAT-8.25_LON117.25,-8.25,117.25,2006,1,2006-01,
LAT-8.25_LON117.75,-8.25,117.75,2006,1,2006-01,34.59042168401902
LAT-8.25_LON118.25,-8.25,118.25,2006,1,2006-01,
LAT-8.25_LON118.75,-8.25,118.75,2006,1,2006-01,
LAT-8.25_LON119.25,-8.25,119.25,2006,1,2006-01,
LAT-7.75_LON115.75,-7.75,115.75,2006,1,2006-01,
LAT-7.75_LON116.25,-7.75,116.25,2006,1,2006-01,
LAT-7.75_LON116.75,-7.75,116.75,2006,1,2006-01,
LAT-7.75_LON117.25,-7.75,117.25,2006,1,2006-01,
LAT-7.75_LON117.75,-7.75,117.75,2006,1,2006-01,
LAT-7.75_LON118.25,-7.75,118.25,2006,1,2006-01,
LAT-7.75_LON118.75,-7.75,118.75,2006,1,2006-01,
LAT-7.75_LON119.25,-7.75,119.25,2006,1,2006-01,
LAT-9.25_LON115.75,-9.25,115.75,2006,2,2006-02,
LAT-9.25_LON116.25,-9.25,116.25,2006,2,2006-02,
LAT-9.25_LON116.75,-9.25,116.75,2006,2,2006-02,
LAT-9.25_LON117.25,-9.25,117.25,2006,2,2006-02,
LAT-9.25_LON117.75,-9.25,117.75,2006,2,2006-02,
LAT-9.25_LON118.25,-9.25,118.25,2006,2,2006-02,
LAT-9.25_LON118.75,-9.25,118.75,2006,2,2006-02,
LAT-9.25_LON119.25,-9.25,119.25,2006,2,2006-02,
LAT-8.75_LON115.75,-8.75,115.75,2006,2,2006-02,
LAT-8.75_LON116.25,-8.75,116.25,2006,2,2006-02,41.80701116519316
LAT-8.75_LON116.75,-8.75,116.75,2006,2,2006-02,
LAT-8.75_LON117.25,-8.75,117.25,2006,2,2006-02,43.69889701519692
LAT-8.75_LON117.75,-8.75,117.75,2006,2,2006-02,
LAT-8.75_LON118.25,-8.75,118.25,2006,2,2006-02,
LAT-8.75_LON118.75,-8.75,118.75,2006,2,2006-02,40.209904883503896
LAT-8.75_LON119.25,-8.75,119.25,2006,2,2006-02,
LAT-8.25_LON115.75,-8.25,115.75,2006,2,2006-02,
LAT-8.25_LON116.25,-8.25,116.25,2006,2,2006-02,
LAT-8.25_LON116.75,-8.25,116.75,2006,2,2006-02,
LAT-8.25_LON117.25,-8.25,117.25,2006,2,2006-02,
LAT-8.25_LON117.75,-8.25,117.75,2006,2,2006-02,42.239651643889296
LAT-8.25_LON118.25,-8.25,118.25,2006,2,2006-02,
LAT-8.25_LON118.75,-8.25,118.75,2006,2,2006-02,
LAT-8.25_LON119.25,-8.25,119.25,2006,2,2006-02,
LAT-7.75_LON115.75,-7.75,115.75,2006,2,2006-02,
LAT-7.75_LON116.25,-7.75,116.25,2006,2,2006-02,
LAT-7.75_LON116.75,-7.75,116.75,2006,2,2006-02,
LAT-7.75_LON117.25,-7.75,117.25,2006,2,2006-02,
LAT-7.75_LON117.75,-7.75,117.75,2006,2,2006-02,
LAT-7.75_LON118.25,-7.75,118.25,2006,2,2006-02,
LAT-7.75_LON118.75,-7.75,118.75,2006,2,2006-02,
LAT-7.75_LON119.25,-7.75,119.25,2006,2,2006-02,
LAT-9.25_LON115.75,-9.25,115.75,2006,3,2006-03,
LAT-9.25_LON116.25,-9.25,116.25,2006,3,2006-03,
LAT-9.25_LON116.75,-9.25,116.75,2006,3,2006-03,
LAT-9.25_LON117.25,-9.25,117.25,2006,3,2006-03,
LAT-9.25_LON117.75,-9.25,117.75,2006,3,2006-03,
LAT-9.25_LON118.25,-9.25,118.25,2006,3,2006-03,
LAT-9.25_LON118.75,-9.25,118.75,2006,3,2006-03,
LAT-9.25_LON119.25,-9.25,119.25,2006,3,2006-03,
LAT-8.75_LON115.75,-8.75,115.75,2006,3,2006-03,
LAT-8.75_LON116.25,-8.75,116.25,2006,3,2006-03,44.88086201106347
LAT-8.75_LON116.75,-8.75,116.75,2006,3,2006-03,
LAT-8.75_LON117.25,-8.75,117.25,2006,3,2006-03,46.347773215693834
LAT-8.75_LON117.75,-8.75,117.75,2006,3,2006-03,
LAT-8.75_LON118.25,-8.75,118.25,2006,3,2006-03,
LAT-8.75_LON118.75,-8.75,118.75,2006,3,2006-03,44.18287182830993
LAT-8.75_LON119.25,-8.75,119.25,2006,3,2006-03,
LAT-8.25_LON115.75,-8.25,115.75,2006,3,2006-03,
LAT-8.25_LON116.25,-8.25,116.25,2006,3,2006-03,
LAT-8.25_LON116.75,-8.25,116.75,2006,3,2006-03,
LAT-8.25_LON117.25,-8.25,117.25,2006,3,2006-03,
LAT-8.25_LON117.75,-8.25,117.75,2006,3,2006-03,45.42439069540271
LAT-8.25_LON118.25,-8.25,118.25,2006,3,2006-03,
LAT-8.25_LON118.75,-8.25,118.75,2006,3,2006-03,
LAT-8.25_LON119.25,-8.25,119.25,2006,3,2006-03,
LAT-7.75_LON115.75,-7.75,115.75,2006,3,2006-03,
LAT-7.75_LON116.25,-7.75,116.25,2006,3,2006-03,
LAT-7.75_LON116.75,-7.75,116.75,2006,3,2006-03,
LAT-7.75_LON117.25,-7.75,117.25,2006,3,2006-03,
LAT-7.75_LON117.75,-7.75,117.75,2006,3,2006-03,
LAT-7.75_LON118.25,-7.75,118.25,2006,3,2006-03,
LAT-7.75_LON118.75,-7.75,118.75,2006,3,2006-03,
LAT-7.75_LON119.25,-7.75,119.25,2006,3,2006-03,
LAT-9.25_LON115.75,-9.25,115.75,2006,4,2006-04,
LAT-9.25_LON116.25,-9.25,116.25,2006,4,2006-04,
LAT-9.25_LON116.75,-9.25,116.75,2006,4,2006-04,
LAT-9.25_LON117.25,-9.25,117.25,2006,4,2006-04,
LAT-9.25_LON117.75,-9.25,117.75,2006,4,2006-04,
LAT-9.25_LON118.25,-9.25,118.25,2006,4,2006-04,
LAT-9.25_LON118.75,-9.25,118.75,2006,4,2006-04,
LAT-9.25_LON119.25,-9.25,119.25,2006,4,2006-04,
LAT-8.75_LON115.75,-8.75,115.75,2006,4,2006-04,
LAT-8.75_LON116.25,-8.75,116.25,2006,4,2006-04,42.7463368094762
LAT-8.75_LON116.75,-8.75,116.75,2006,4,2006-04,
LAT-8.75_LON117.25,-8.75,117.25,2006,4,2006-04,44.55084383320808
LAT-8.75_LON117.75,-8.75,117.75,2006,4,2006-04,
LAT-8.75_LON118.25,-8.75,118.25,2006,4,2006-04,
LAT-8.75_LON118.75,-8.75,118.75,2006,4,2006-04,42.941184481541306
LAT-8.75_LON119.25,-8.75,119.25,2006,4,2006-04,
LAT-8.25_LON115.75,-8.25,115.75,2006,4,2006-04,
LAT-8.25_LON116.25,-8.25,116.25,2006,4,2006-04,
LAT-8.25_LON116.75,-8.25,116.75,2006,4,2006-04,
LAT-8.25_LON117.25,-8.25,117.25,2006,4,2006-04,
LAT-8.25_LON117.75,-8.25,117.75,2006,4,2006-04,43.585378920952465
LAT-8.25_LON118.25,-8.25,118.25,2006,4,2006-04,
LAT-8.25_LON118.75,-8.25,118.75,2006,4,2006-04,
LAT-8.25_LON119.25,-8.25,119.25,2006,4,2006-04,
LAT-7.75_LON115.75,-7.75,115.75,2006,4,2006-04,
LAT-7.75_LON116.25,-7.75,116.25,2006,4,2006-04,
LAT-7.75_LON116.75,-7.75,116.75,2006,4,2006-04,
LAT-7.75_LON117.25,-7.75,117.25,2006,4,2006-04,
LAT-7.75_LON117.75,-7.75,117.75,2006,4,2006-04,
LAT-7.75_LON118.25,-7.75,118.25,2006,4,2006-04,
LAT-7.75_LON118.75,-7.75,118.75,2006,4,2006-04,
LAT-7.75_LON119.25,-7.75,119.25,2006,4,2006-04,
LAT-9.25_LON115.75,-9.25,115.75,2006,5,2006-05,
LAT-9.25_LON116.25,-9.25,116.25,2006,5,2006-05,
LAT-9.25_LON116.75,-9.25,116.75,2006,5,2006-05,
LAT-9.25_LON117.25,-9.25,117.25,2006,5,2006-05,
LAT-9.25_LON117.75,-9.25,117.75,2006,5,2006-05,
LAT-9.25_LON118.25,-9.25,118.25,2006,5,2006-05,
LAT-9.25_LON118.75,-9.25,118.75,2006,5,2006-05,
LAT-9.25_LON119.25,-9.25,119.25,2006,5,2006-05,
LAT-8.75_LON115.75,-8.75,115.75,2006,5,2006-05,
LAT-8.75_LON116.25,-8.75,116.25,2006,5,2006-05,36.09719625988313
LAT-8.75_LON116.75,-8.75,116.75,2006,5,2006-05,
LAT-8.75_LON117.25,-8.75,117.25,2006,5,2006-05,38.245021915743436
LAT-8.75_LON117.75,-8.75,117.75,2006,5,2006-05,
LAT-8.75_LON118.25,-8.75,118.25,2006,5,2006-05,
LAT-8.75_LON118.75,-8.75,118.75,2006,5,2006-05,36.8418610282867
LAT-8.75_LON119.25,-8.75,119.25,2006,5,2006-05,
LAT-8.25_LON115.75,-8.25,115.75,2006,5,2006-05,
LAT-8.25_LON116.25,-8.25,116.25,2006,5,2006-05,
LAT-8.25_LON116.75,-8.25,116.75,2006,5,2006-05,
LAT-8.25_LON117.25,-8.25,117.25,2006,5,2006-05,
LAT-8.25_LON117.75,-8.25,117.75,2006,5,2006-05,36.6591485336519
LAT-8.25_LON118.25,-8.25,118.25,2006,5,2006-05,
LAT-8.25_LON118.75,-8.25,118.75,2006,5,2006-05,
LAT-8.25_LON119.25,-8.25,119.25,2006,5,2006-05,
LAT-7.75_LON115.75,-7.75,115.75,2006,5,2006-05,
LAT-7.75_LON116.25,-7.75,116.25,2006,5,2006-05,
LAT-7.75_LON116.75,-7.75,116.75,2006,5,2006-05,
LAT-7.75_LON117.25,-7.75,117.25,2006,5,2006-05,
LAT-7.75_LON117.75,-7.75,117.75,2006,5,2006-05,
LAT-7.75_LON118.25,-7.75,118.25,2006,5,2006-05,
LAT-7.75_LON118.75,-7.75,118.75,2006,5,2006-05,
LAT-7.75_LON119.25,-7.75,119.25,2006,5,2006-05,
LAT-9.25_LON115.75,-9.25,115.75,2006,6,2006-06,
LAT-9.25_LON116.25,-9.25,116.25,2006,6,2006-06,
LAT-9.25_LON116.75,-9.25,116.75,2006,6,2006-06,
LAT-9.25_LON117.25,-9.25,117.25,2006,6,2006-06,
LAT-9.25_LON117.75,-9.25,117.75,2006,6,2006-06,
LAT-9.25_LON118.25,-9.25,118.25,2006,6,2006-06,
LAT-9.25_LON118.75,-9.25,118.75,2006,6,2006-06,
LAT-9.25_LON119.25,-9.25,119.25,2006,6,2006-06,
LAT-8.75_LON115.75,-8.75,115.75,2006,6,2006-06,
LAT-8.75_LON116.25,-8.75,116.25,2006,6,2006-06,32.902488492488864
LAT-8.75_LON116.75,-8.75,116.75,2006,6,2006-06,
LAT-8.75_LON117.25,-8.75,117.25,2006,6,2006-06,35.39896244748434
LAT-8.75_LON117.75,-8.75,117.75,2006,6,2006-06,
LAT-8.75_LON118.25,-8.75,118.25,2006,6,2006-06,
LAT-8.75_LON118.75,-8.75,118.75,2006,6,2006-06,34.198977688630414
LAT-8.75_LON119.25,-8.75,119.25,2006,6,2006-06,
LAT-8.25_LON115.75,-8.25,115.75,2006,6,2006-06,
LAT-8.25_LON116.25,-8.25,116.25,2006,6,2006-06,
LAT-8.25_LON116.75,-8.25,116.75,2006,6,2006-06,
LAT-8.25_LON117.25,-8.25,117.25,2006,6,2006-06,
LAT-8.25_LON117.75,-8.25,117.75,2006,6,2006-06,33.78808714095751
LAT-8.25_LON118.25,-8.25,118.25,2006,6,2006-06,
LAT-8.25_LON118.75,-8.25,118.75,2006,6,2006-06,
LAT-8.25_LON119.25,-8.25,119.25,2006,6,2006-06,
LAT-7.75_LON115.75,-7.75,115.75,2006,6,2006-06,
LAT-7.75_LON116.25,-7.75,116.25,2006,6,2006-06,
LAT-7.75_LON116.75,-7.75,116.75,2006,6,2006-06,
LAT-7.75_LON117.25,-7.75,117.25,2006,6,2006-06,
LAT-7.75_LON117.75,-7.75,117.75,2006,6,2006-06,
LAT-7.75_LON118.25,-7.75,118.25,2006,6,2006-06,
LAT-7.75_LON118.75,-7.75,118.75,2006,6,2006-06,
LAT-7.75_LON119.25,-7.75,119.25,2006,6,2006-06,
LAT-9.25_LON115.75,-9.25,115.75,2006,7,2006-07,
LAT-9.25_LON116.25,-9.25,116.25,2006,7,2006-07,
LAT-9.25_LON116.75,-9.25,116.75,2006,7,2006-07,
LAT-9.25_LON117.25,-9.25,117.25,2006,7,2006-07,
LAT-9.25_LON117.75,-9.25,117.75,2006,7,2006-07,
LAT-9.25_LON118.25,-9.25,118.25,2006,7,2006-07,
LAT-9.25_LON118.75,-9.25,118.75,2006,7,2006-07,
LAT-9.25_LON119.25,-9.25,119.25,2006,7,2006-07,
LAT-8.75_LON115.75,-8.75,115.75,2006,7,2006-07,
LAT-8.75_LON116.25,-8.75,116.25,2006,7,2006-07,28.82272432984845
LAT-8.75_LON116.75,-8.75,116.75,2006,7,2006-07,
LAT-8.75_LON117.25,-8.75,117.25,2006,7,2006-07,30.49785349046031
LAT-8.75_LON117.75,-8.75,117.75,2006,7,2006-07,
LAT-8.75_LON118.25,-8.75,118.25,2006,7,2006-07,
LAT-8.75_LON118.75,-8.75,118.75,2006,7,2006-07,30.3823122399084
LAT-8.75_LON119.25,-8.75,119.25,2006,7,2006-07,
LAT-8.25_LON115.75,-8.25,115.75,2006,7,2006-07,
LAT-8.25_LON116.25,-8.25,116.25,2006,7,2006-07,
LAT-8.25_LON116.75,-8.25,116.75,2006,7,2006-07,
LAT-8.25_LON117.25,-8.25,117.25,2006,7,2006-07,
LAT-8.25_LON117.75,-8.25,117.75,2006,7,2006-07,28.316101437922473
LAT-8.25_LON118.25,-8.25,118.25,2006,7,2006-07,
LAT-8.25_LON118.75,-8.25,118.75,2006,7,2006-07,
LAT-8.25_LON119.25,-8.25,119.25,2006,7,2006-07,
LAT-7.75_LON115.75,-7.75,115.75,2006,7,2006-07,
LAT-7.75_LON116.25,-7.75,116.25,2006,7,2006-07,
LAT-7.75_LON116.75,-7.75,116.75,2006,7,2006-07,
LAT-7.75_LON117.25,-7.75,117.25,2006,7,2006-07,
LAT-7.75_LON117.75,-7.75,117.75,2006,7,2006-07,
LAT-7.75_LON118.25,-7.75,118.25,2006,7,2006-07,
LAT-7.75_LON118.75,-7.75,118.75,2006,7,2006-07,
LAT-7.75_LON119.25,-7.75,119.25,2006,7,2006-07,
LAT-9.25_LON115.75,-9.25,115.75,2006,8,2006-08,
LAT-9.25_LON116.25,-9.25,116.25,2006,8,2006-08,
LAT-9.25_LON116.75,-9.25,116.75,2006,8,2006-08,
LAT-9.25_LON117.25,-9.25,117.25,2006,8,2006-08,
LAT-9.25_LON117.75,-9.25,117.75,2006,8,2006-08,
LAT-9.25_LON118.25,-9.25,118.25,2006,8,2006-08,
LAT-9.25_LON118.75,-9.25,118.75,2006,8,2006-08,
LAT-9.25_LON119.25,-9.25,119.25,2006,8,2006-08,
LAT-8.75_LON115.75,-8.75,115.75,2006,8,2006-08,
LAT-8.75_LON116.25,-8.75,116.25,2006,8,2006-08,25.553890133365506
LAT-8.75_LON116.75,-8.75,116.75,2006,8,2006-08,
LAT-8.75_LON117.25,-8.75,117.25,2006,8,2006-08,26.030824877369803
LAT-8.75_LON117.75,-8.75,117.75,2006,8,2006-08,
LAT-8.75_LON118.25,-8.75,118.25,2006,8,2006-08,
LAT-8.75_LON118.75,-8.75,118.75,2006,8,2006-08,27.261986655419882
LAT-8.75_LON119.25,-8.75,119.25,2006,8,2006-08,
LAT-8.25_LON115.75,-8.25,115.75,2006,8,2006-08,
LAT-8.25_LON116.25,-8.25,116.25,2006,8,2006-08,
LAT-8.25_LON116.75,-8.25,116.75,2006,8,2006-08,
LAT-8.25_LON117.25,-8.25,117.25,2006,8,2006-08,
LAT-8.25_LON117.75,-8.25,117.75,2006,8,2006-08,23.313575459526433
LAT-8.25_LON118.25,-8.25,118.25,2006,8,2006-08,
LAT-8.25_LON118.75,-8.25,118.75,2006,8,2006-08,
LAT-8.25_LON119.25,-8.25,119.25,2006,8,2006-08,
LAT-7.75_LON115.75,-7.75,115.75,2006,8,2006-08,
LAT-7.75_LON116.25,-7.75,116.25,2006,8,2006-08,
LAT-7.75_LON116.75,-7.75,116.75,2006,8,2006-08,
LAT-7.75_LON117.25,-7.75,117.25,2006,8,2006-08,
LAT-7.75_LON117.75,-7.75,117.75,2006,8,2006-08,
LAT-7.75_LON118.25,-7.75,118.25,2006,8,2006-08,
LAT-7.75_LON118.75,-7.75,118.75,2006,8,2006-08,
LAT-7.75_LON119.25,-7.75,119.25,2006,8,2006-08,
LAT-9.25_LON115.75,-9.25,115.75,2006,9,2006-09,
LAT-9.25_LON116.25,-9.25,116.25,2006,9,2006-09,
LAT-9.25_LON116.75,-9.25,116.75,2006,9,2006-09,
LAT-9.25_LON117.25,-9.25,117.25,2006,9,2006-09,
LAT-9.25_LON117.75,-9.25,117.75,2006,9,2006-09,
LAT-9.25_LON118.25,-9.25,118.25,2006,9,2006-09,
LAT-9.25_LON118.75,-9.25,118.75,2006,9,2006-09,
LAT-9.25_LON119.25,-9.25,119.25,2006,9,2006-09,
LAT-8.75_LON115.75,-8.75,115.75,2006,9,2006-09,
LAT-8.75_LON116.25,-8.75,116.25,2006,9,2006-09,23.15668328706422
LAT-8.75_LON116.75,-8.75,116.75,2006,9,2006-09,
LAT-8.75_LON117.25,-8.75,117.25,2006,9,2006-09,21.865861438790958
LAT-8.75_LON117.75,-8.75,117.75,2006,9,2006-09,
LAT-8.75_LON118.25,-8.75,118.25,2006,9,2006-09,
LAT-8.75_LON118.75,-8.75,118.75,2006,9,2006-09,24.890517644286167
LAT-8.75_LON119.25,-8.75,119.25,2006,9,2006-09,
LAT-8.25_LON115.75,-8.25,115.75,2006,9,2006-09,
LAT-8.25_LON116.25,-8.25,116.25,2006,9,2006-09,
LAT-8.25_LON116.75,-8.25,116.75,2006,9,2006-09,
LAT-8.25_LON117.25,-8.25,117.25,2006,9,2006-09,
LAT-8.25_LON117.75,-8.25,117.75,2006,9,2006-09,18.78967624370258
LAT-8.25_LON118.25,-8.25,118.25,2006,9,2006-09,
LAT-8.25_LON118.75,-8.25,118.75,2006,9,2006-09,
LAT-8.25_LON119.25,-8.25,119.25,2006,9,2006-09,
LAT-7.75_LON115.75,-7.75,115.75,2006,9,2006-09,
LAT-7.75_LON116.25,-7.75,116.25,2006,9,2006-09,
LAT-7.75_LON116.75,-7.75,116.75,2006,9,2006-09,
LAT-7.75_LON117.25,-7.75,117.25,2006,9,2006-09,
LAT-7.75_LON117.75,-7.75,117.75,2006,9,2006-09,
LAT-7.75_LON118.25,-7.75,118.25,2006,9,2006-09,
LAT-7.75_LON118.75,-7.75,118.75,2006,9,2006-09,
LAT-7.75_LON119.25,-7.75,119.25,2006,9,2006-09,
LAT-9.25_LON115.75,-9.25,115.75,2006,10,2006-10,
LAT-9.25_LON116.25,-9.25,116.25,2006,10,2006-10,
LAT-9.25_LON116.75,-9.25,116.75,2006,10,2006-10,
LAT-9.25_LON117.25,-9.25,117.25,2006,10,2006-10,
LAT-9.25_LON117.75,-9.25,117.75,2006,10,2006-10,
LAT-9.25_LON118.25,-9.25,118.25,2006,10,2006-10,
LAT-9.25_LON118.75,-9.25,118.75,2006,10,2006-10,
LAT-9.25_LON119.25,-9.25,119.25,2006,10,2006-10,
LAT-8.75_LON115.75,-8.75,115.75,2006,10,2006-10,
LAT-8.75_LON116.25,-8.75,116.25,2006,10,2006-10,21.73341885285992
LAT-8.75_LON116.75,-8.75,116.75,2006,10,2006-10,
LAT-8.75_LON117.25,-8.75,117.25,2006,10,2006-10,19.310586095779183
LAT-8.75_LON117.75,-8.75,117.75,2006,10,2006-10,
LAT-8.75_LON118.25,-8.75,118.25,2006,10,2006-10,
LAT-8.75_LON118.75,-8.75,118.75,2006,10,2006-10,23.442821275380343
LAT-8.75_LON119.25,-8.75,119.25,2006,10,2006-10,
LAT-8.25_LON115.75,-8.25,115.75,2006,10,2006-10,
LAT-8.25_LON116.25,-8.25,116.25,2006,10,2006-10,
LAT-8.25_LON116.75,-8.25,116.75,2006,10,2006-10,
LAT-8.25_LON117.25,-8.25,117.25,2006,10,2006-10,
LAT-8.25_LON117.75,-8.25,117.75,2006,10,2006-10,15.822440853734173
LAT-8.25_LON118.25,-8.25,118.25,2006,10,2006-10,
LAT-8.25_LON118.75,-8.25,118.75,2006,10,2006-10,
LAT-8.25_LON119.25,-8.25,119.25,2006,10,2006-10,
LAT-7.75_LON115.75,-7.75,115.75,2006,10,2006-10,
LAT-7.75_LON116.25,-7.75,116.25,2006,10,2006-10,
LAT-7.75_LON116.75,-7.75,116.75,2006,10,2006-10,
LAT-7.75_LON117.25,-7.75,117.25,2006,10,2006-10,
LAT-7.75_LON117.75,-7.75,117.75,2006,10,2006-10,
LAT-7.75_LON118.25,-7.75,118.25,2006,10,2006-10,
LAT-7.75_LON118.75,-7.75,118.75,2006,10,2006-10,
LAT-7.75_LON119.25,-7.75,119.25,2006,10,2006-10,
LAT-9.25_LON115.75,-9.25,115.75,2006,11,2006-11,
LAT-9.25_LON116.25,-9.25,116.25,2006,11,2006-11,
LAT-9.25_LON116.75,-9.25,116.75,2006,11,2006-11,
LAT-9.25_LON117.25,-9.25,117.25,2006,11,2006-11,
LAT-9.25_LON117.75,-9.25,117.75,2006,11,2006-11,
LAT-9.25_LON118.25,-9.25,118.25,2006,11,2006-11,
LAT-9.25_LON118.75,-9.25,118.75,2006,11,2006-11,
LAT-9.25_LON119.25,-9.25,119.25,2006,11,2006-11,
LAT-8.75_LON115.75,-8.75,115.75,2006,11,2006-11,
LAT-8.75_LON116.25,-8.75,116.25,2006,11,2006-11,20.960098453164107
LAT-8.75_LON116.75,-8.75,116.75,2006,11,2006-11,
LAT-8.75_LON117.25,-8.75,117.25,2006,11,2006-11,18.096798340439804
LAT-8.75_LON117.75,-8.75,117.75,2006,11,2006-11,
LAT-8.75_LON118.25,-8.75,118.25,2006,11,2006-11,
LAT-8.75_LON118.75,-8.75,118.75,2006,11,2006-11,22.52318526629608
LAT-8.75_LON119.25,-8.75,119.25,2006,11,2006-11,
LAT-8.25_LON115.75,-8.25,115.75,2006,11,2006-11,
LAT-8.25_LON116.25,-8.25,116.25,2006,11,2006-11,
LAT-8.25_LON116.75,-8.25,116.75,2006,11,2006-11,
LAT-8.25_LON117.25,-8.25,117.25,2006,11,2006-11,
LAT-8.25_LON117.75,-8.25,117.75,2006,11,2006-11,14.02498373087246
LAT-8.25_LON118.25,-8.25,118.25,2006,11,2006-11,
LAT-8.25_LON118.75,-8.25,118.75,2006,11,2006-11,
LAT-8.25_LON119.25,-8.25,119.25,2006,11,2006-11,
LAT-7.75_LON115.75,-7.75,115.75,2006,11,2006-11,
LAT-7.75_LON116.25,-7.75,116.25,2006,11,2006-11,
LAT-7.75_LON116.75,-7.75,116.75,2006,11,2006-11,
LAT-7.75_LON117.25,-7.75,117.25,2006,11,2006-11,
LAT-7.75_LON117.75,-7.75,117.75,2006,11,2006-11,
LAT-7.75_LON118.25,-7.75,118.25,2006,11,2006-11,
LAT-7.75_LON118.75,-7.75,118.75,2006,11,2006-11,
LAT-7.75_LON119.25,-7.75,119.25,2006,11,2006-11,
LAT-9.25_LON115.75,-9.25,115.75,2006,12,2006-12,
LAT-9.25_LON116.25,-9.25,116.25,2006,12,2006-12,
LAT-9.25_LON116.75,-9.25,116.75,2006,12,2006-12,
LAT-9.25_LON117.25,-9.25,117.25,2006,12,2006-12,
LAT-9.25_LON117.75,-9.25,117.75,2006,12,2006-12,
LAT-9.25_LON118.25,-9.25,118.25,2006,12,2006-12,
LAT-9.25_LON118.75,-9.25,118.75,2006,12,2006-12,
LAT-9.25_LON119.25,-9.25,119.25,2006,12,2006-12,
LAT-8.75_LON115.75,-8.75,115.75,2006,12,2006-12,
LAT-8.75_LON116.25,-8.75,116.25,2006,12,2006-12,21.834164198329383
LAT-8.75_LON116.75,-8.75,116.75,2006,12,2006-12,
LAT-8.75_LON117.25,-8.75,117.25,2006,12,2006-12,18.563220935483137
LAT-8.75_LON117.75,-8.75,117.75,2006,12,2006-12,
LAT-8.75_LON118.25,-8.75,118.25,2006,12,2006-12,
LAT-8.75_LON118.75,-8.75,118.75,2006,12,2006-12,22.10968839541558
LAT-8.75_LON119.25,-8.75,119.25,2006,12,2006-12,
LAT-8.25_LON115.75,-8.25,115.75,2006,12,2006-12,
LAT-8.25_LON116.25,-8.25,116.25,2006,12,2006-12,
LAT-8.25_LON116.75,-8.25,116.75,2006,12,2006-12,
LAT-8.25_LON117.25,-8.25,117.25,2006,12,2006-12,
LAT-8.25_LON117.75,-8.25,117.75,2006,12,2006-12,13.359850978966685
LAT-8.25_LON118.25,-8.25,118.25,2006,12,2006-12,
LAT-8.25_LON118.75,-8.25,118.75,2006,12,2006-12,
LAT-8.25_LON119.25,-8.25,119.25,2006,12,2006-12,
LAT-7.75_LON115.75,-7.75,115.75,2006,12,2006-12,
LAT-7.75_LON116.25,-7.75,116.25,2006,12,2006-12,
LAT-7.75_LON116.75,-7.75,116.75,2006,12,2006-12,
LAT-7.75_LON117.25,-7.75,117.25,2006,12,2006-12,
LAT-7.75_LON117.75,-7.75,117.75,2006,12,2006-12,
LAT-7.75_LON118.25,-7.75,118.25,2006,12,2006-12,
LAT-7.75_LON118.75,-7.75,118.75,2006,12,2006-12,
LAT-7.75_LON119.25,-7.75,119.25,2006,12,2006-12,
LAT-9.25_LON115.75,-9.25,115.75,2007,1,2007-01,
LAT-9.25_LON116.25,-9.25,116.25,2007,1,2007-01,
LAT-9.25_LON116.75,-9.25,116.75,2007,1,2007-01,
LAT-9.25_LON117.25,-9.25,117.25,2007,1,2007-01,
LAT-9.25_LON117.75,-9.25,117.75,2007,1,2007-01,
LAT-9.25_LON118.25,-9.25,118.25,2007,1,2007-01,
LAT-9.25_LON118.75,-9.25,118.75,2007,1,2007-01,
LAT-9.25_LON119.25,-9.25,119.25,2007,1,2007-01,
LAT-8.75_LON115.75,-8.75,115.75,2007,1,2007-01,
LAT-8.75_LON116.25,-8.75,116.25,2007,1,2007-01,35.9859552568774
LAT-8.75_LON116.75,-8.75,116.75,2007,1,2007-01,
LAT-8.75_LON117.25,-8.75,117.25,2007,1,2007-01,32.493675215475015
LAT-8.75_LON117.75,-8.75,117.75,2007,1,2007-01,
LAT-8.75_LON118.25,-8.75,118.25,2007,1,2007-01,
LAT-8.75_LON118.75,-8.75,118.75,2007,1,2007-01,31.90425439903813
LAT-8.75_LON119.25,-8.75,119.25,2007,1,2007-01,
LAT-8.25_LON115.75,-8.25,115.75,2007,1,2007-01,
LAT-8.25_LON116.25,-8.25,116.25,2007,1,2007-01,
LAT-8.25_LON116.75,-8.25,116.75,2007,1,2007-01,
LAT-8.25_LON117.25,-8.25,117.25,2007,1,2007-01,
LAT-8.25_LON117.75,-8.25,117.75,2007,1,2007-01,27.967473221132828
LAT-8.25_LON118.25,-8.25,118.25,2007,1,2007-01,
LAT-8.25_LON118.75,-8.25,118.75,2007,1,2007-01,
LAT-8.25_LON119.25,-8.25,119.25,2007,1,2007-01,
LAT-7.75_LON115.75,-7.75,115.75,2007,1,2007-01,
LAT-7.75_LON116.25,-7.75,116.25,2007,1,2007-01,
LAT-7.75_LON116.75,-7.75,116.75,2007,1,2007-01,
LAT-7.75_LON117.25,-7.75,117.25,2007,1,2007-01,
LAT-7.75_LON117.75,-7.75,117.75,2007,1,2007-01,
LAT-7.75_LON118.25,-7.75,118.25,2007,1,2007-01,
LAT-7.75_LON118.75,-7.75,118.75,2007,1,2007-01,
LAT-7.75_LON119.25,-7.75,119.25,2007,1,2007-01,
LAT-9.25_LON115.75,-9.25,115.75,2007,2,2007-02,
LAT-9.25_LON116.25,-9.25,116.25,2007,2,2007-02,
LAT-9.25_LON116.75,-9.25,116.75,2007,2,2007-02,
LAT-9.25_LON117.25,-9.25,117.25,2007,2,2007-02,
LAT-9.25_LON117.75,-9.25,117.75,2007,2,2007-02,
LAT-9.25_LON118.25,-9.25,118.25,2007,2,2007-02,
LAT-9.25_LON118.75,-9.25,118.75,2007,2,2007-02,
LAT-9.25_LON119.25,-9.25,119.25,2007,2,2007-02,
LAT-8.75_LON115.75,-8.75,115.75,2007,2,2007-02,
LAT-8.75_LON116.25,-8.75,116.25,2007,2,2007-02,33.93502825856209
LAT-8.75_LON116.75,-8.75,116.75,2007,2,2007-02,
LAT-8.75_LON117.25,-8.75,117.25,2007,2,2007-02,32.16906782226904
LAT-8.75_LON117.75,-8.75,117.75,2007,2,2007-02,
LAT-8.75_LON118.25,-8.75,118.25,2007,2,2007-02,
LAT-8.75_LON118.75,-8.75,118.75,2007,2,2007-02,30.48824830727915
LAT-8.75_LON119.25,-8.75,119.25,2007,2,2007-02,
LAT-8.25_LON115.75,-8.25,115.75,2007,2,2007-02,
LAT-8.25_LON116.25,-8.25,116.25,2007,2,2007-02,
LAT-8.25_LON116.75,-8.25,116.75,2007,2,2007-02,
LAT-8.25_LON117.25,-8.25,117.25,2007,2,2007-02,
LAT-8.25_LON117.75,-8.25,117.75,2007,2,2007-02,29.39397629950727
LAT-8.25_LON118.25,-8.25,118.25,2007,2,2007-02,
LAT-8.25_LON118.75,-8.25,118.75,2007,2,2007-02,
LAT-8.25_LON119.25,-8.25,119.25,2007,2,2007-02,
LAT-7.75_LON115.75,-7.75,115.75,2007,2,2007-02,
LAT-7.75_LON116.25,-7.75,116.25,2007,2,2007-02,
LAT-7.75_LON116.75,-7.75,116.75,2007,2,2007-02,
LAT-7.75_LON117.25,-7.75,117.25,2007,2,2007-02,
LAT-7.75_LON117.75,-7.75,117.75,2007,2,2007-02,
LAT-7.75_LON118.25,-7.75,118.25,2007,2,2007-02,
LAT-7.75_LON118.75,-7.75,118.75,2007,2,2007-02,
LAT-7.75_LON119.25,-7.75,119.25,2007,2,2007-02,
LAT-9.25_LON115.75,-9.25,115.75,2007,3,2007-03,
LAT-9.25_LON116.25,-9.25,116.25,2007,3,2007-03,
LAT-9.25_LON116.75,-9.25,116.75,2007,3,2007-03,
LAT-9.25_LON117.25,-9.25,117.25,2007,3,2007-03,
LAT-9.25_LON117.75,-9.25,117.75,2007,3,2007-03,
LAT-9.25_LON118.25,-9.25,118.25,2007,3,2007-03,
LAT-9.25_LON118.75,-9.25,118.75,2007,3,2007-03,
LAT-9.25_LON119.25,-9.25,119.25,2007,3,2007-03,
LAT-8.75_LON115.75,-8.75,115.75,2007,3,2007-03,
LAT-8.75_LON116.25,-8.75,116.25,2007,3,2007-03,42.4121785460749
LAT-8.75_LON116.75,-8.75,116.75,2007,3,2007-03,
LAT-8.75_LON117.25,-8.75,117.25,2007,3,2007-03,43.27395545882561
LAT-8.75_LON117.75,-8.75,117.75,2007,3,2007-03,
LAT-8.75_LON118.25,-8.75,118.25,2007,3,2007-03,
LAT-8.75_LON118.75,-8.75,118.75,2007,3,2007-03,38.51450256555314
LAT-8.75_LON119.25,-8.75,119.25,2007,3,2007-03,
LAT-8.25_LON115.75,-8.25,115.75,2007,3,2007-03,
LAT-8.25_LON116.25,-8.25,116.25,2007,3,2007-03,
LAT-8.25_LON116.75,-8.25,116.75,2007,3,2007-03,
LAT-8.25_LON117.25,-8.25,117.25,2007,3,2007-03,
LAT-8.25_LON117.75,-8.25,117.75,2007,3,2007-03,41.574882500479305
LAT-8.25_LON118.25,-8.25,118.25,2007,3,2007-03,
LAT-8.25_LON118.75,-8.25,118.75,2007,3,2007-03,
LAT-8.25_LON119.25,-8.25,119.25,2007,3,2007-03,
LAT-7.75_LON115.75,-7.75,115.75,2007,3,2007-03,
LAT-7.75_LON116.25,-7.75,116.25,2007,3,2007-03,
LAT-7.75_LON116.75,-7.75,116.75,2007,3,2007-03,
LAT-7.75_LON117.25,-7.75,117.25,2007,3,2007-03,
LAT-7.75_LON117.75,-7.75,117.75,2007,3,2007-03,
LAT-7.75_LON118.25,-7.75,118.25,2007,3,2007-03,
LAT-7.75_LON118.75,-7.75,118.75,2007,3,2007-03,
LAT-7.75_LON119.25,-7.75,119.25,2007,3,2007-03,
LAT-9.25_LON115.75,-9.25,115.75,2007,4,2007-04,
LAT-9.25_LON116.25,-9.25,116.25,2007,4,2007-04,
LAT-9.25_LON116.75,-9.25,116.75,2007,4,2007-04,
LAT-9.25_LON117.25,-9.25,117.25,2007,4,2007-04,
LAT-9.25_LON117.75,-9.25,117.75,2007,4,2007-04,
LAT-9.25_LON118.25,-9.25,118.25,2007,4,2007-04,
LAT-9.25_LON118.75,-9.25,118.75,2007,4,2007-04,
LAT-9.25_LON119.25,-9.25,119.25,2007,4,2007-04,
LAT-8.75_LON115.75,-8.75,115.75,2007,4,2007-04,
LAT-8.75_LON116.25,-8.75,116.25,2007,4,2007-04,41.79375853077572
LAT-8.75_LON116.75,-8.75,116.75,2007,4,2007-04,
LAT-8.75_LON117.25,-8.75,117.25,2007,4,2007-04,43.38792455395061
LAT-8.75_LON117.75,-8.75,117.75,2007,4,2007-04,
LAT-8.75_LON118.25,-8.75,118.25,2007,4,2007-04,
LAT-8.75_LON118.75,-8.75,118.75,2007,4,2007-04,37.993272535562525
LAT-8.75_LON119.25,-8.75,119.25,2007,4,2007-04,
LAT-8.25_LON115.75,-8.25,115.75,2007,4,2007-04,
LAT-8.25_LON116.25,-8.25,116.25,2007,4,2007-04,
LAT-8.25_LON116.75,-8.25,116.75,2007,4,2007-04,
LAT-8.25_LON117.25,-8.25,117.25,2007,4,2007-04,
LAT-8.25_LON117.75,-8.25,117.75,2007,4,2007-04,40.32143318351111
LAT-8.25_LON118.25,-8.25,118.25,2007,4,2007-04,
LAT-8.25_LON118.75,-8.25,118.75,2007,4,2007-04,
LAT-8.25_LON119.25,-8.25,119.25,2007,4,2007-04,
LAT-7.75_LON115.75,-7.75,115.75,2007,4,2007-04,
LAT-7.75_LON116.25,-7.75,116.25,2007,4,2007-04,
LAT-7.75_LON116.75,-7.75,116.75,2007,4,2007-04,
LAT-7.75_LON117.25,-7.75,117.25,2007,4,2007-04,
LAT-7.75_LON117.75,-7.75,117.75,2007,4,2007-04,
LAT-7.75_LON118.25,-7.75,118.25,2007,4,2007-04,
LAT-7.75_LON118.75,-7.75,118.75,2007,4,2007-04,
LAT-7.75_LON119.25,-7.75,119.25,2007,4,2007-04,
LAT-9.25_LON115.75,-9.25,115.75,2007,5,2007-05,
LAT-9.25_LON116.25,-9.25,116.25,2007,5,2007-05,
LAT-9.25_LON116.75,-9.25,116.75,2007,5,2007-05,
LAT-9.25_LON117.25,-9.25,117.25,2007,5,2007-05,
LAT-9.25_LON117.75,-9.25,117.75,2007,5,2007-05,
LAT-9.25_LON118.25,-9.25,118.25,2007,5,2007-05,
LAT-9.25_LON118.75,-9.25,118.75,2007,5,2007-05,
LAT-9.25_LON119.25,-9.25,119.25,2007,5,2007-05,
LAT-8.75_LON115.75,-8.75,115.75,2007,5,2007-05,
LAT-8.75_LON116.25,-8.75,116.25,2007,5,2007-05,36.8414305898451
LAT-8.75_LON116.75,-8.75,116.75,2007,5,2007-05,
LAT-8.75_LON117.25,-8.75,117.25,2007,5,2007-05,38.39468613439989
LAT-8.75_LON117.75,-8.75,117.75,2007,5,2007-05,
LAT-8.75_LON118.25,-8.75,118.25,2007,5,2007-05,
LAT-8.75_LON118.75,-8.75,118.75,2007,5,2007-05,33.914064692528
LAT-8.75_LON119.25,-8.75,119.25,2007,5,2007-05,
LAT-8.25_LON115.75,-8.25,115.75,2007,5,2007-05,
LAT-8.25_LON116.25,-8.25,116.25,2007,5,2007-05,
LAT-8.25_LON116.75,-8.25,116.75,2007,5,2007-05,
LAT-8.25_LON117.25,-8.25,117.25,2007,5,2007-05,
LAT-8.25_LON117.75,-8.25,117.75,2007,5,2007-05,35.66953582440655
LAT-8.25_LON118.25,-8.25,118.25,2007,5,2007-05,
LAT-8.25_LON118.75,-8.25,118.75,2007,5,2007-05,
LAT-8.25_LON119.25,-8.25,119.25,2007,5,2007-05,
LAT-7.75_LON115.75,-7.75,115.75,2007,5,2007-05,
LAT-7.75_LON116.25,-7.75,116.25,2007,5,2007-05,
LAT-7.75_LON116.75,-7.75,116.75,2007,5,2007-05,
LAT-7.75_LON117.25,-7.75,117.25,2007,5,2007-05,
LAT-7.75_LON117.75,-7.75,117.75,2007,5,2007-05,
LAT-7.75_LON118.25,-7.75,118.25,2007,5,2007-05,
LAT-7.75_LON118.75,-7.75,118.75,2007,5,2007-05,
LAT-7.75_LON119.25,-7.75,119.25,2007,5,2007-05,
LAT-9.25_LON115.75,-9.25,115.75,2007,6,2007-06,
LAT-9.25_LON116.25,-9.25,116.25,2007,6,2007-06,
LAT-9.25_LON116.75,-9.25,116.75,2007,6,2007-06,
LAT-9.25_LON117.25,-9.25,117.25,2007,6,2007-06,
LAT-9.25_LON117.75,-9.25,117.75,2007,6,2007-06,
LAT-9.25_LON118.25,-9.25,118.25,2007,6,2007-06,
LAT-9.25_LON118.75,-9.25,118.75,2007,6,2007-06,
LAT-9.25_LON119.25,-9.25,119.25,2007,6,2007-06,
LAT-8.75_LON115.75,-8.75,115.75,2007,6,2007-06,
LAT-8.75_LON116.25,-8.75,116.25,2007,6,2007-06,33.01940326817831
LAT-8.75_LON116.75,-8.75,116.75,2007,6,2007-06,
LAT-8.75_LON117.25,-8.75,117.25,2007,6,2007-06,33.66340924151738
LAT-8.75_LON117.75,-8.75,117.75,2007,6,2007-06,
LAT-8.75_LON118.25,-8.75,118.25,2007,6,2007-06,
LAT-8.75_LON118.75,-8.75,118.75,2007,6,2007-06,30.195460205753633
LAT-8.75_LON119.25,-8.75,119.25,2007,6,2007-06,
LAT-8.25_LON115.75,-8.25,115.75,2007,6,2007-06,
LAT-8.25_LON116.25,-8.25,116.25,2007,6,2007-06,
LAT-8.25_LON116.75,-8.25,116.75,2007,6,2007-06,
LAT-8.25_LON117.25,-8.25,117.25,2007,6,2007-06,
LAT-8.25_LON117.75,-8.25,117.75,2007,6,2007-06,30.696745662132916
LAT-8.25_LON118.25,-8.25,118.25,2007,6,2007-06,
LAT-8.25_LON118.75,-8.25,118.75,2007,6,2007-06,
LAT-8.25_LON119.25,-8.25,119.25,2007,6,2007-06,
LAT-7.75_LON115.75,-7.75,115.75,2007,6,2007-06,
LAT-7.75_LON116.25,-7.75,116.25,2007,6,2007-06,
LAT-7.75_LON116.75,-7.75,116.75,2007,6,2007-06,
LAT-7.75_LON117.25,-7.75,117.25,2007,6,2007-06,
LAT-7.75_LON117.75,-7.75,117.75,2007,6,2007-06,
LAT-7.75_LON118.25,-7.75,118.25,2007,6,2007-06,
LAT-7.75_LON118.75,-7.75,118.75,2007,6,2007-06,
LAT-7.75_LON119.25,-7.75,119.25,2007,6,2007-06,
LAT-9.25_LON115.75,-9.25,115.75,2007,7,2007-07,
LAT-9.25_LON116.25,-9.25,116.25,2007,7,2007-07,
LAT-9.25_LON116.75,-9.25,116.75,2007,7,2007-07,
LAT-9.25_LON117.25,-9.25,117.25,2007,7,2007-07,
LAT-9.25_LON117.75,-9.25,117.75,2007,7,2007-07,
LAT-9.25_LON118.25,-9.25,118.25,2007,7,2007-07,
LAT-9.25_LON118.75,-9.25,118.75,2007,7,2007-07,
LAT-9.25_LON119.25,-9.25,119.25,2007,7,2007-07,
LAT-8.75_LON115.75,-8.75,115.75,2007,7,2007-07,
LAT-8.75_LON116.25,-8.75,116.25,2007,7,2007-07,29.34127799318685
LAT-8.75_LON116.75,-8.75,116.75,2007,7,2007-07,
LAT-8.75_LON117.25,-8.75,117.25,2007,7,2007-07,29.677670047090892
LAT-8.75_LON117.75,-8.75,117.75,2007,7,2007-07,
LAT-8.75_LON118.25,-8.75,118.25,2007,7,2007-07,
LAT-8.75_LON118.75,-8.75,118.75,2007,7,2007-07,27.359379404283345
LAT-8.75_LON119.25,-8.75,119.25,2007,7,2007-07,
LAT-8.25_LON115.75,-8.25,115.75,2007,7,2007-07,
LAT-8.25_LON116.25,-8.25,116.25,2007,7,2007-07,
LAT-8.25_LON116.75,-8.25,116.75,2007,7,2007-07,
LAT-8.25_LON117.25,-8.25,117.25,2007,7,2007-07,
LAT-8.25_LON117.75,-8.25,117.75,2007,7,2007-07,26.589971623343807
LAT-8.25_LON118.25,-8.25,118.25,2007,7,2007-07,
LAT-8.25_LON118.75,-8.25,118.75,2007,7,2007-07,
LAT-8.25_LON119.25,-8.25,119.25,2007,7,2007-07,
LAT-7.75_LON115.75,-7.75,115.75,2007,7,2007-07,
LAT-7.75_LON116.25,-7.75,116.25,2007,7,2007-07,
LAT-7.75_LON116.75,-7.75,116.75,2007,7,2007-07,
LAT-7.75_LON117.25,-7.75,117.25,2007,7,2007-07,
LAT-7.75_LON117.75,-7.75,117.75,2007,7,2007-07,
LAT-7.75_LON118.25,-7.75,118.25,2007,7,2007-07,
LAT-7.75_LON118.75,-7.75,118.75,2007,7,2007-07,
LAT-7.75_LON119.25,-7.75,119.25,2007,7,2007-07,
LAT-9.25_LON115.75,-9.25,115.75,2007,8,2007-08,
LAT-9.25_LON116.25,-9.25,116.25,2007,8,2007-08,
LAT-9.25_LON116.75,-9.25,116.75,2007,8,2007-08,
LAT-9.25_LON117.25,-9.25,117.25,2007,8,2007-08,
LAT-9.25_LON117.75,-9.25,117.75,2007,8,2007-08,
LAT-9.25_LON118.25,-9.25,118.25,2007,8,2007-08,
LAT-9.25_LON118.75,-9.25,118.75,2007,8,2007-08,
LAT-9.25_LON119.25,-9.25,119.25,2007,8,2007-08,
LAT-8.75_LON115.75,-8.75,115.75,2007,8,2007-08,
LAT-8.75_LON116.25,-8.75,116.25,2007,8,2007-08,25.99160549325326
LAT-8.75_LON116.75,-8.75,116.75,2007,8,2007-08,
LAT-8.75_LON117.25,-8.75,117.25,2007,8,2007-08,25.402652609771298
LAT-8.75_LON117.75,-8.75,117.75,2007,8,2007-08,
LAT-8.75_LON118.25,-8.75,118.25,2007,8,2007-08,
LAT-8.75_LON118.75,-8.75,118.75,2007,8,2007-08,24.895339007069992
LAT-8.75_LON119.25,-8.75,119.25,2007,8,2007-08,
LAT-8.25_LON115.75,-8.25,115.75,2007,8,2007-08,
LAT-8.25_LON116.25,-8.25,116.25,2007,8,2007-08,
LAT-8.25_LON116.75,-8.25,116.75,2007,8,2007-08,
LAT-8.25_LON117.25,-8.25,117.25,2007,8,2007-08,
LAT-8.25_LON117.75,-8.25,117.75,2007,8,2007-08,22.071628902266102
LAT-8.25_LON118.25,-8.25,118.25,2007,8,2007-08,
LAT-8.25_LON118.75,-8.25,118.75,2007,8,2007-08,
LAT-8.25_LON119.25,-8.25,119.25,2007,8,2007-08,
LAT-7.75_LON115.75,-7.75,115.75,2007,8,2007-08,
LAT-7.75_LON116.25,-7.75,116.25,2007,8,2007-08,
LAT-7.75_LON116.75,-7.75,116.75,2007,8,2007-08,
LAT-7.75_LON117.25,-7.75,117.25,2007,8,2007-08,
LAT-7.75_LON117.75,-7.75,117.75,2007,8,2007-08,
LAT-7.75_LON118.25,-7.75,118.25,2007,8,2007-08,
LAT-7.75_LON118.75,-7.75,118.75,2007,8,2007-08,
LAT-7.75_LON119.25,-7.75,119.25,2007,8,2007-08,
LAT-9.25_LON115.75,-9.25,115.75,2007,9,2007-09,
LAT-9.25_LON116.25,-9.25,116.25,2007,9,2007-09,
LAT-9.25_LON116.75,-9.25,116.75,2007,9,2007-09,
LAT-9.25_LON117.25,-9.25,117.25,2007,9,2007-09,
LAT-9.25_LON117.75,-9.25,117.75,2007,9,2007-09,
LAT-9.25_LON118.25,-9.25,118.25,2007,9,2007-09,
LAT-9.25_LON118.75,-9.25,118.75,2007,9,2007-09,
LAT-9.25_LON119.25,-9.25,119.25,2007,9,2007-09,
LAT-8.75_LON115.75,-8.75,115.75,2007,9,2007-09,
LAT-8.75_LON116.25,-8.75,116.25,2007,9,2007-09,23.745987963716207
LAT-8.75_LON116.75,-8.75,116.75,2007,9,2007-09,
LAT-8.75_LON117.25,-8.75,117.25,2007,9,2007-09,21.764998737891503
LAT-8.75_LON117.75,-8.75,117.75,2007,9,2007-09,
LAT-8.75_LON118.25,-8.75,118.25,2007,9,2007-09,
LAT-8.75_LON118.75,-8.75,118.75,2007,9,2007-09,23.287745950301506
LAT-8.75_LON119.25,-8.75,119.25,2007,9,2007-09,
LAT-8.25_LON115.75,-8.25,115.75,2007,9,2007-09,
LAT-8.25_LON116.25,-8.25,116.25,2007,9,2007-09,
LAT-8.25_LON116.75,-8.25,116.75,2007,9,2007-09,
LAT-8.25_LON117.25,-8.25,117.25,2007,9,2007-09,
LAT-8.25_LON117.75,-8.25,117.75,2007,9,2007-09,18.028554215788844
LAT-8.25_LON118.25,-8.25,118.25,2007,9,2007-09,
LAT-8.25_LON118.75,-8.25,118.75,2007,9,2007-09,
LAT-8.25_LON119.25,-8.25,119.25,2007,9,2007-09,
LAT-7.75_LON115.75,-7.75,115.75,2007,9,2007-09,
LAT-7.75_LON116.25,-7.75,116.25,2007,9,2007-09,
LAT-7.75_LON116.75,-7.75,116.75,2007,9,2007-09,
LAT-7.75_LON117.25,-7.75,117.25,2007,9,2007-09,
LAT-7.75_LON117.75,-7.75,117.75,2007,9,2007-09,
LAT-7.75_LON118.25,-7.75,118.25,2007,9,2007-09,
LAT-7.75_LON118.75,-7.75,118.75,2007,9,2007-09,
LAT-7.75_LON119.25,-7.75,119.25,2007,9,2007-09,
LAT-9.25_LON115.75,-9.25,115.75,2007,10,2007-10,
LAT-9.25_LON116.25,-9.25,116.25,2007,10,2007-10,
LAT-9.25_LON116.75,-9.25,116.75,2007,10,2007-10,
LAT-9.25_LON117.25,-9.25,117.25,2007,10,2007-10,
LAT-9.25_LON117.75,-9.25,117.75,2007,10,2007-10,
LAT-9.25_LON118.25,-9.25,118.25,2007,10,2007-10,
LAT-9.25_LON118.75,-9.25,118.75,2007,10,2007-10,
LAT-9.25_LON119.25,-9.25,119.25,2007,10,2007-10,
LAT-8.75_LON115.75,-8.75,115.75,2007,10,2007-10,
LAT-8.75_LON116.25,-8.75,116.25,2007,10,2007-10,22.28878386009123
LAT-8.75_LON116.75,-8.75,116.75,2007,10,2007-10,
LAT-8.75_LON117.25,-8.75,117.25,2007,10,2007-10,19.33317089138492
LAT-8.75_LON117.75,-8.75,117.75,2007,10,2007-10,
LAT-8.75_LON118.25,-8.75,118.25,2007,10,2007-10,
LAT-8.75_LON118.75,-8.75,118.75,2007,10,2007-10,22.24026331820796
LAT-8.75_LON119.25,-8.75,119.25,2007,10,2007-10,
LAT-8.25_LON115.75,-8.25,115.75,2007,10,2007-10,
LAT-8.25_LON116.25,-8.25,116.25,2007,10,2007-10,
LAT-8.25_LON116.75,-8.25,116.75,2007,10,2007-10,
LAT-8.25_LON117.25,-8.25,117.25,2007,10,2007-10,
LAT-8.25_LON117.75,-8.25,117.75,2007,10,2007-10,15.205531609904384
LAT-8.25_LON118.25,-8.25,118.25,2007,10,2007-10,
LAT-8.25_LON118.75,-8.25,118.75,2007,10,2007-10,
LAT-8.25_LON119.25,-8.25,119.25,2007,10,2007-10,
LAT-7.75_LON115.75,-7.75,115.75,2007,10,2007-10,
LAT-7.75_LON116.25,-7.75,116.25,2007,10,2007-10,
LAT-7.75_LON116.75,-7.75,116.75,2007,10,2007-10,
LAT-7.75_LON117.25,-7.75,117.25,2007,10,2007-10,
LAT-7.75_LON117.75,-7.75,117.75,2007,10,2007-10,
LAT-7.75_LON118.25,-7.75,118.25,2007,10,2007-10,
LAT-7.75_LON118.75,-7.75,118.75,2007,10,2007-10,
LAT-7.75_LON119.25,-7.75,119.25,2007,10,2007-10,
LAT-9.25_LON115.75,-9.25,115.75,2007,11,2007-11,
LAT-9.25_LON116.25,-9.25,116.25,2007,11,2007-11,
LAT-9.25_LON116.75,-9.25,116.75,2007,11,2007-11,
LAT-9.25_LON117.25,-9.25,117.25,2007,11,2007-11,
LAT-9.25_LON117.75,-9.25,117.75,2007,11,2007-11,
LAT-9.25_LON118.25,-9.25,118.25,2007,11,2007-11,
LAT-9.25_LON118.75,-9.25,118.75,2007,11,2007-11,
LAT-9.25_LON119.25,-9.25,119.25,2007,11,2007-11,
LAT-8.75_LON115.75,-8.75,115.75,2007,11,2007-11,
LAT-8.75_LON116.25,-8.75,116.25,2007,11,2007-11,23.472042720754942
LAT-8.75_LON116.75,-8.75,116.75,2007,11,2007-11,
LAT-8.75_LON117.25,-8.75,117.25,2007,11,2007-11,19.870488541364658
LAT-8.75_LON117.75,-8.75,117.75,2007,11,2007-11,
LAT-8.75_LON118.25,-8.75,118.25,2007,11,2007-11,
LAT-8.75_LON118.75,-8.75,118.75,2007,11,2007-11,22.1903321660757
LAT-8.75_LON119.25,-8.75,119.25,2007,11,2007-11,
LAT-8.25_LON115.75,-8.25,115.75,2007,11,2007-11,
LAT-8.25_LON116.25,-8.25,116.25,2007,11,2007-11,
LAT-8.25_LON116.75,-8.25,116.75,2007,11,2007-11,
LAT-8.25_LON117.25,-8.25,117.25,2007,11,2007-11,
LAT-8.25_LON117.75,-8.25,117.75,2007,11,2007-11,14.644873142441103
LAT-8.25_LON118.25,-8.25,118.25,2007,11,2007-11,
LAT-8.25_LON118.75,-8.25,118.75,2007,11,2007-11,
LAT-8.25_LON119.25,-8.25,119.25,2007,11,2007-11,
LAT-7.75_LON115.75,-7.75,115.75,2007,11,2007-11,
LAT-7.75_LON116.25,-7.75,116.25,2007,11,2007-11,
LAT-7.75_LON116.75,-7.75,116.75,2007,11,2007-11,
LAT-7.75_LON117.25,-7.75,117.25,2007,11,2007-11,
LAT-7.75_LON117.75,-7.75,117.75,2007,11,2007-11,
LAT-7.75_LON118.25,-7.75,118.25,2007,11,2007-11,
LAT-7.75_LON118.75,-7.75,118.75,2007,11,2007-11,
LAT-7.75_LON119.25,-7.75,119.25,2007,11,2007-11,
LAT-9.25_LON115.75,-9.25,115.75,2007,12,2007-12,
LAT-9.25_LON116.25,-9.25,116.25,2007,12,2007-12,
LAT-9.25_LON116.75,-9.25,116.75,2007,12,2007-12,
LAT-9.25_LON117.25,-9.25,117.25,2007,12,2007-12,
LAT-9.25_LON117.75,-9.25,117.75,2007,12,2007-12,
LAT-9.25_LON118.25,-9.25,118.25,2007,12,2007-12,
LAT-9.25_LON118.75,-9.25,118.75,2007,12,2007-12,
LAT-9.25_LON119.25,-9.25,119.25,2007,12,2007-12,
LAT-8.75_LON115.75,-8.75,115.75,2007,12,2007-12,
LAT-8.75_LON116.25,-8.75,116.25,2007,12,2007-12,27.505157091156104
LAT-8.75_LON116.75,-8.75,116.75,2007,12,2007-12,
LAT-8.75_LON117.25,-8.75,117.25,2007,12,2007-12,22.88506063492067
LAT-8.75_LON117.75,-8.75,117.75,2007,12,2007-12,
LAT-8.75_LON118.25,-8.75,118.25,2007,12,2007-12,
LAT-8.75_LON118.75,-8.75,118.75,2007,12,2007-12,23.866555310026282
LAT-8.75_LON119.25,-8.75,119.25,2007,12,2007-12,
LAT-8.25_LON115.75,-8.25,115.75,2007,12,2007-12,
LAT-8.25_LON116.25,-8.25,116.25,2007,12,2007-12,
LAT-8.25_LON116.75,-8.25,116.75,2007,12,2007-12,
LAT-8.25_LON117.25,-8.25,117.25,2007,12,2007-12,
LAT-8.25_LON117.75,-8.25,117.75,2007,12,2007-12,17.120201642743996
LAT-8.25_LON118.25,-8.25,118.25,2007,12,2007-12,
LAT-8.25_LON118.75,-8.25,118.75,2007,12,2007-12,
LAT-8.25_LON119.25,-8.25,119.25,2007,12,2007-12,
LAT-7.75_LON115.75,-7.75,115.75,2007,12,2007-12,
LAT-7.75_LON116.25,-7.75,116.25,2007,12,2007-12,
LAT-7.75_LON116.75,-7.75,116.75,2007,12,2007-12,
LAT-7.75_LON117.25,-7.75,117.25,2007,12,2007-12,
LAT-7.75_LON117.75,-7.75,117.75,2007,12,2007-12,
LAT-7.75_LON118.25,-7.75,118.25,2007,12,2007-12,
LAT-7.75_LON118.75,-7.75,118.75,2007,12,2007-12,
LAT-7.75_LON119.25,-7.75,119.25,2007,12,2007-12,
LAT-9.25_LON115.75,-9.25,115.75,2008,1,2008-01,
LAT-9.25_LON116.25,-9.25,116.25,2008,1,2008-01,
LAT-9.25_LON116.75,-9.25,116.75,2008,1,2008-01,
LAT-9.25_LON117.25,-9.25,117.25,2008,1,2008-01,
LAT-9.25_LON117.75,-9.25,117.75,2008,1,2008-01,
LAT-9.25_LON118.25,-9.25,118.25,2008,1,2008-01,
LAT-9.25_LON118.75,-9.25,118.75,2008,1,2008-01,
LAT-9.25_LON119.25,-9.25,119.25,2008,1,2008-01,
LAT-8.75_LON115.75,-8.75,115.75,2008,1,2008-01,
LAT-8.75_LON116.25,-8.75,116.25,2008,1,2008-01,41.51706820295704
LAT-8.75_LON116.75,-8.75,116.75,2008,1,2008-01,
LAT-8.75_LON117.25,-8.75,117.25,2008,1,2008-01,36.3120444800777
LAT-8.75_LON117.75,-8.75,117.75,2008,1,2008-01,
LAT-8.75_LON118.25,-8.75,118.25,2008,1,2008-01,
LAT-8.75_LON118.75,-8.75,118.75,2008,1,2008-01,32.208053895734984
LAT-8.75_LON119.25,-8.75,119.25,2008,1,2008-01,
LAT-8.25_LON115.75,-8.25,115.75,2008,1,2008-01,
LAT-8.25_LON116.25,-8.25,116.25,2008,1,2008-01,
LAT-8.25_LON116.75,-8.25,116.75,2008,1,2008-01,
LAT-8.25_LON117.25,-8.25,117.25,2008,1,2008-01,
LAT-8.25_LON117.75,-8.25,117.75,2008,1,2008-01,32.44763594465871
LAT-8.25_LON118.25,-8.25,118.25,2008,1,2008-01,
LAT-8.25_LON118.75,-8.25,118.75,2008,1,2008-01,
LAT-8.25_LON119.25,-8.25,119.25,2008,1,2008-01,
LAT-7.75_LON115.75,-7.75,115.75,2008,1,2008-01,
LAT-7.75_LON116.25,-7.75,116.25,2008,1,2008-01,
LAT-7.75_LON116.75,-7.75,116.75,2008,1,2008-01,
LAT-7.75_LON117.25,-7.75,117.25,2008,1,2008-01,
LAT-7.75_LON117.75,-7.75,117.75,2008,1,2008-01,
LAT-7.75_LON118.25,-7.75,118.25,2008,1,2008-01,
LAT-7.75_LON118.75,-7.75,118.75,2008,1,2008-01,
LAT-7.75_LON119.25,-7.75,119.25,2008,1,2008-01,
LAT-9.25_LON115.75,-9.25,115.75,2008,2,2008-02,
LAT-9.25_LON116.25,-9.25,116.25,2008,2,2008-02,
LAT-9.25_LON116.75,-9.25,116.75,2008,2,2008-02,
LAT-9.25_LON117.25,-9.25,117.25,2008,2,2008-02,
LAT-9.25_LON117.75,-9.25,117.75,2008,2,2008-02,
LAT-9.25_LON118.25,-9.25,118.25,2008,2,2008-02,
LAT-9.25_LON118.75,-9.25,118.75,2008,2,2008-02,
LAT-9.25_LON119.25,-9.25,119.25,2008,2,2008-02,
LAT-8.75_LON115.75,-8.75,115.75,2008,2,2008-02,
LAT-8.75_LON116.25,-8.75,116.25,2008,2,2008-02,44.503295981883994
LAT-8.75_LON116.75,-8.75,116.75,2008,2,2008-02,
LAT-8.75_LON117.25,-8.75,117.25,2008,2,2008-02,45.04394838892182
LAT-8.75_LON117.75,-8.75,117.75,2008,2,2008-02,
LAT-8.75_LON118.25,-8.75,118.25,2008,2,2008-02,
LAT-8.75_LON118.75,-8.75,118.75,2008,2,2008-02,39.52595116039802
LAT-8.75_LON119.25,-8.75,119.25,2008,2,2008-02,
LAT-8.25_LON115.75,-8.25,115.75,2008,2,2008-02,
LAT-8.25_LON116.25,-8.25,116.25,2008,2,2008-02,
LAT-8.25_LON116.75,-8.25,116.75,2008,2,2008-02,
LAT-8.25_LON117.25,-8.25,117.25,2008,2,2008-02,
LAT-8.25_LON117.75,-8.25,117.75,2008,2,2008-02,42.96235624181815
LAT-8.25_LON118.25,-8.25,118.25,2008,2,2008-02,
LAT-8.25_LON118.75,-8.25,118.75,2008,2,2008-02,
LAT-8.25_LON119.25,-8.25,119.25,2008,2,2008-02,
LAT-7.75_LON115.75,-7.75,115.75,2008,2,2008-02,
LAT-7.75_LON116.25,-7.75,116.25,2008,2,2008-02,
LAT-7.75_LON116.75,-7.75,116.75,2008,2,2008-02,
LAT-7.75_LON117.25,-7.75,117.25,2008,2,2008-02,
LAT-7.75_LON117.75,-7.75,117.75,2008,2,2008-02,
LAT-7.75_LON118.25,-7.75,118.25,2008,2,2008-02,
LAT-7.75_LON118.75,-7.75,118.75,2008,2,2008-02,
LAT-7.75_LON119.25,-7.75,119.25,2008,2,2008-02,
LAT-9.25_LON115.75,-9.25,115.75,2008,3,2008-03,
LAT-9.25_LON116.25,-9.25,116.25,2008,3,2008-03,
LAT-9.25_LON116.75,-9.25,116.75,2008,3,2008-03,
LAT-9.25_LON117.25,-9.25,117.25,2008,3,2008-03,
LAT-9.25_LON117.75,-9.25,117.75,2008,3,2008-03,
LAT-9.25_LON118.25,-9.25,118.25,2008,3,2008-03,
LAT-9.25_LON118.75,-9.25,118.75,2008,3,2008-03,
LAT-9.25_LON119.25,-9.25,119.25,2008,3,2008-03,
LAT-8.75_LON115.75,-8.75,115.75,2008,3,2008-03,
LAT-8.75_LON116.25,-8.75,116.25,2008,3,2008-03,40.34636849934055
LAT-8.75_LON116.75,-8.75,116.75,2008,3,2008-03,
LAT-8.75_LON117.25,-8.75,117.25,2008,3,2008-03,42.48333382029689
LAT-8.75_LON117.75,-8.75,117.75,2008,3,2008-03,
LAT-8.75_LON118.25,-8.75,118.25,2008,3,2008-03,
LAT-8.75_LON118.75,-8.75,118.75,2008,3,2008-03,39.48822619268968
LAT-8.75_LON119.25,-8.75,119.25,2008,3,2008-03,
LAT-8.25_LON115.75,-8.25,115.75,2008,3,2008-03,
LAT-8.25_LON116.25,-8.25,116.25,2008,3,2008-03,
LAT-8.25_LON116.75,-8.25,116.75,2008,3,2008-03,
LAT-8.25_LON117.25,-8.25,117.25,2008,3,2008-03,
LAT-8.25_LON117.75,-8.25,117.75,2008,3,2008-03,40.82946824765972
LAT-8.25_LON118.25,-8.25,118.25,2008,3,2008-03,
LAT-8.25_LON118.75,-8.25,118.75,2008,3,2008-03,
LAT-8.25_LON119.25,-8.25,119.25,2008,3,2008-03,
LAT-7.75_LON115.75,-7.75,115.75,2008,3,2008-03,
LAT-7.75_LON116.25,-7.75,116.25,2008,3,2008-03,
LAT-7.75_LON116.75,-7.75,116.75,2008,3,2008-03,
LAT-7.75_LON117.25,-7.75,117.25,2008,3,2008-03,
LAT-7.75_LON117.75,-7.75,117.75,2008,3,2008-03,
LAT-7.75_LON118.25,-7.75,118.25,2008,3,2008-03,
LAT-7.75_LON118.75,-7.75,118.75,2008,3,2008-03,
LAT-7.75_LON119.25,-7.75,119.25,2008,3,2008-03,
LAT-9.25_LON115.75,-9.25,115.75,2008,4,2008-04,
LAT-9.25_LON116.25,-9.25,116.25,2008,4,2008-04,
LAT-9.25_LON116.75,-9.25,116.75,2008,4,2008-04,
LAT-9.25_LON117.25,-9.25,117.25,2008,4,2008-04,
LAT-9.25_LON117.75,-9.25,117.75,2008,4,2008-04,
LAT-9.25_LON118.25,-9.25,118.25,2008,4,2008-04,
LAT-9.25_LON118.75,-9.25,118.75,2008,4,2008-04,
LAT-9.25_LON119.25,-9.25,119.25,2008,4,2008-04,
LAT-8.75_LON115.75,-8.75,115.75,2008,4,2008-04,
LAT-8.75_LON116.25,-8.75,116.25,2008,4,2008-04,40.374864239056905
LAT-8.75_LON116.75,-8.75,116.75,2008,4,2008-04,
LAT-8.75_LON117.25,-8.75,117.25,2008,4,2008-04,42.43417046793302
LAT-8.75_LON117.75,-8.75,117.75,2008,4,2008-04,
LAT-8.75_LON118.25,-8.75,118.25,2008,4,2008-04,
LAT-8.75_LON118.75,-8.75,118.75,2008,4,2008-04,40.84077917861937
LAT-8.75_LON119.25,-8.75,119.25,2008,4,2008-04,
LAT-8.25_LON115.75,-8.25,115.75,2008,4,2008-04,
LAT-8.25_LON116.25,-8.25,116.25,2008,4,2008-04,
LAT-8.25_LON116.75,-8.25,116.75,2008,4,2008-04,
LAT-8.25_LON117.25,-8.25,117.25,2008,4,2008-04,
LAT-8.25_LON117.75,-8.25,117.75,2008,4,2008-04,40.83615126236278
LAT-8.25_LON118.25,-8.25,118.25,2008,4,2008-04,
LAT-8.25_LON118.75,-8.25,118.75,2008,4,2008-04,
LAT-8.25_LON119.25,-8.25,119.25,2008,4,2008-04,
LAT-7.75_LON115.75,-7.75,115.75,2008,4,2008-04,
LAT-7.75_LON116.25,-7.75,116.25,2008,4,2008-04,
LAT-7.75_LON116.75,-7.75,116.75,2008,4,2008-04,
LAT-7.75_LON117.25,-7.75,117.25,2008,4,2008-04,
LAT-7.75_LON117.75,-7.75,117.75,2008,4,2008-04,
LAT-7.75_LON118.25,-7.75,118.25,2008,4,2008-04,
LAT-7.75_LON118.75,-7.75,118.75,2008,4,2008-04,
LAT-7.75_LON119.25,-7.75,119.25,2008,4,2008-04,
LAT-9.25_LON115.75,-9.25,115.75,2008,5,2008-05,
LAT-9.25_LON116.25,-9.25,116.25,2008,5,2008-05,
LAT-9.25_LON116.75,-9.25,116.75,2008,5,2008-05,
LAT-9.25_LON117.25,-9.25,117.25,2008,5,2008-05,
LAT-9.25_LON117.75,-9.25,117.75,2008,5,2008-05,
LAT-9.25_LON118.25,-9.25,118.25,2008,5,2008-05,
LAT-9.25_LON118.75,-9.25,118.75,2008,5,2008-05,
LAT-9.25_LON119.25,-9.25,119.25,2008,5,2008-05,
LAT-8.75_LON115.75,-8.75,115.75,2008,5,2008-05,
LAT-8.75_LON116.25,-8.75,116.25,2008,5,2008-05,34.705205080278446
LAT-8.75_LON116.75,-8.75,116.75,2008,5,2008-05,
LAT-8.75_LON117.25,-8.75,117.25,2008,5,2008-05,36.1248285210517
LAT-8.75_LON117.75,-8.75,117.75,2008,5,2008-05,
LAT-8.75_LON118.25,-8.75,118.25,2008,5,2008-05,
LAT-8.75_LON118.75,-8.75,118.75,2008,5,2008-05,34.51495098860031
LAT-8.75_LON119.25,-8.75,119.25,2008,5,2008-05,
LAT-8.25_LON115.75,-8.25,115.75,2008,5,2008-05,
LAT-8.25_LON116.25,-8.25,116.25,2008,5,2008-05,
LAT-8.25_LON116.75,-8.25,116.75,2008,5,2008-05,
LAT-8.25_LON117.25,-8.25,117.25,2008,5,2008-05,
LAT-8.25_LON117.75,-8.25,117.75,2008,5,2008-05,34.31289461328136
LAT-8.25_LON118.25,-8.25,118.25,2008,5,2008-05,
LAT-8.25_LON118.75,-8.25,118.75,2008,5,2008-05,
LAT-8.25_LON119.25,-8.25,119.25,2008,5,2008-05,
LAT-7.75_LON115.75,-7.75,115.75,2008,5,2008-05,
LAT-7.75_LON116.25,-7.75,116.25,2008,5,2008-05,
LAT-7.75_LON116.75,-7.75,116.75,2008,5,2008-05,
LAT-7.75_LON117.25,-7.75,117.25,2008,5,2008-05,
LAT-7.75_LON117.75,-7.75,117.75,2008,5,2008-05,
LAT-7.75_LON118.25,-7.75,118.25,2008,5,2008-05,
LAT-7.75_LON118.75,-7.75,118.75,2008,5,2008-05,
LAT-7.75_LON119.25,-7.75,119.25,2008,5,2008-05,
LAT-9.25_LON115.75,-9.25,115.75,2008,6,2008-06,
LAT-9.25_LON116.25,-9.25,116.25,2008,6,2008-06,
LAT-9.25_LON116.75,-9.25,116.75,2008,6,2008-06,
LAT-9.25_LON117.25,-9.25,117.25,2008,6,2008-06,
LAT-9.25_LON117.75,-9.25,117.75,2008,6,2008-06,
LAT-9.25_LON118.25,-9.25,118.25,2008,6,2008-06,
LAT-9.25_LON118.75,-9.25,118.75,2008,6,2008-06,
LAT-9.25_LON119.25,-9.25,119.25,2008,6,2008-06,
LAT-8.75_LON115.75,-8.75,115.75,2008,6,2008-06,
LAT-8.75_LON116.25,-8.75,116.25,2008,6,2008-06,29.528325690945007
LAT-8.75_LON116.75,-8.75,116.75,2008,6,2008-06,
LAT-8.75_LON117.25,-8.75,117.25,2008,6,2008-06,30.159626594225553
LAT-8.75_LON117.75,-8.75,117.75,2008,6,2008-06,
LAT-8.75_LON118.25,-8.75,118.25,2008,6,2008-06,
LAT-8.75_LON118.75,-8.75,118.75,2008,6,2008-06,29.614052423199016
LAT-8.75_LON119.25,-8.75,119.25,2008,6,2008-06,
LAT-8.25_LON115.75,-8.25,115.75,2008,6,2008-06,
LAT-8.25_LON116.25,-8.25,116.25,2008,6,2008-06,
LAT-8.25_LON116.75,-8.25,116.75,2008,6,2008-06,
LAT-8.25_LON117.25,-8.25,117.25,2008,6,2008-06,
LAT-8.25_LON117.75,-8.25,117.75,2008,6,2008-06,28.048367371241266
LAT-8.25_LON118.25,-8.25,118.25,2008,6,2008-06,
LAT-8.25_LON118.75,-8.25,118.75,2008,6,2008-06,
LAT-8.25_LON119.25,-8.25,119.25,2008,6,2008-06,
LAT-7.75_LON115.75,-7.75,115.75,2008,6,2008-06,
LAT-7.75_LON116.25,-7.75,116.25,2008,6,2008-06,
LAT-7.75_LON116.75,-7.75,116.75,2008,6,2008-06,
LAT-7.75_LON117.25,-7.75,117.25,2008,6,2008-06,
LAT-7.75_LON117.75,-7.75,117.75,2008,6,2008-06,
LAT-7.75_LON118.25,-7.75,118.25,2008,6,2008-06,
LAT-7.75_LON118.75,-7.75,118.75,2008,6,2008-06,
LAT-7.75_LON119.25,-7.75,119.25,2008,6,2008-06,
LAT-9.25_LON115.75,-9.25,115.75,2008,7,2008-07,
LAT-9.25_LON116.25,-9.25,116.25,2008,7,2008-07,
LAT-9.25_LON116.75,-9.25,116.75,2008,7,2008-07,
LAT-9.25_LON117.25,-9.25,117.25,2008,7,2008-07,
LAT-9.25_LON117.75,-9.25,117.75,2008,7,2008-07,
LAT-9.25_LON118.25,-9.25,118.25,2008,7,2008-07,
LAT-9.25_LON118.75,-9.25,118.75,2008,7,2008-07,
LAT-9.25_LON119.25,-9.25,119.25,2008,7,2008-07,
LAT-8.75_LON115.75,-8.75,115.75,2008,7,2008-07,
LAT-8.75_LON116.25,-8.75,116.25,2008,7,2008-07,25.582418741410773
LAT-8.75_LON116.75,-8.75,116.75,2008,7,2008-07,
LAT-8.75_LON117.25,-8.75,117.25,2008,7,2008-07,25.914751190562416
LAT-8.75_LON117.75,-8.75,117.75,2008,7,2008-07,
LAT-8.75_LON118.25,-8.75,118.25,2008,7,2008-07,
LAT-8.75_LON118.75,-8.75,118.75,2008,7,2008-07,26.479162368582127
LAT-8.75_LON119.25,-8.75,119.25,2008,7,2008-07,
LAT-8.25_LON115.75,-8.25,115.75,2008,7,2008-07,
LAT-8.25_LON116.25,-8.25,116.25,2008,7,2008-07,
LAT-8.25_LON116.75,-8.25,116.75,2008,7,2008-07,
LAT-8.25_LON117.25,-8.25,117.25,2008,7,2008-07,
LAT-8.25_LON117.75,-8.25,117.75,2008,7,2008-07,23.460220841400094
LAT-8.25_LON118.25,-8.25,118.25,2008,7,2008-07,
LAT-8.25_LON118.75,-8.25,118.75,2008,7,2008-07,
LAT-8.25_LON119.25,-8.25,119.25,2008,7,2008-07,
LAT-7.75_LON115.75,-7.75,115.75,2008,7,2008-07,
LAT-7.75_LON116.25,-7.75,116.25,2008,7,2008-07,
LAT-7.75_LON116.75,-7.75,116.75,2008,7,2008-07,
LAT-7.75_LON117.25,-7.75,117.25,2008,7,2008-07,
LAT-7.75_LON117.75,-7.75,117.75,2008,7,2008-07,
LAT-7.75_LON118.25,-7.75,118.25,2008,7,2008-07,
LAT-7.75_LON118.75,-7.75,118.75,2008,7,2008-07,
LAT-7.75_LON119.25,-7.75,119.25,2008,7,2008-07,
LAT-9.25_LON115.75,-9.25,115.75,2008,8,2008-08,
LAT-9.25_LON116.25,-9.25,116.25,2008,8,2008-08,
LAT-9.25_LON116.75,-9.25,116.75,2008,8,2008-08,
LAT-9.25_LON117.25,-9.25,117.25,2008,8,2008-08,
LAT-9.25_LON117.75,-9.25,117.75,2008,8,2008-08,
LAT-9.25_LON118.25,-9.25,118.25,2008,8,2008-08,
LAT-9.25_LON118.75,-9.25,118.75,2008,8,2008-08,
LAT-9.25_LON119.25,-9.25,119.25,2008,8,2008-08,
LAT-8.75_LON115.75,-8.75,115.75,2008,8,2008-08,
LAT-8.75_LON116.25,-8.75,116.25,2008,8,2008-08,22.73010420887704
LAT-8.75_LON116.75,-8.75,116.75,2008,8,2008-08,
LAT-8.75_LON117.25,-8.75,117.25,2008,8,2008-08,22.388767297344803
LAT-8.75_LON117.75,-8.75,117.75,2008,8,2008-08,
LAT-8.75_LON118.25,-8.75,118.25,2008,8,2008-08,
LAT-8.75_LON118.75,-8.75,118.75,2008,8,2008-08,24.26555536427806
LAT-8.75_LON119.25,-8.75,119.25,2008,8,2008-08,
LAT-8.25_LON115.75,-8.25,115.75,2008,8,2008-08,
LAT-8.25_LON116.25,-8.25,116.25,2008,8,2008-08,
LAT-8.25_LON116.75,-8.25,116.75,2008,8,2008-08,
LAT-8.25_LON117.25,-8.25,117.25,2008,8,2008-08,
LAT-8.25_LON117.75,-8.25,117.75,2008,8,2008-08,19.32143642006384
LAT-8.25_LON118.25,-8.25,118.25,2008,8,2008-08,
LAT-8.25_LON118.75,-8.25,118.75,2008,8,2008-08,
LAT-8.25_LON119.25,-8.25,119.25,2008,8,2008-08,
LAT-7.75_LON115.75,-7.75,115.75,2008,8,2008-08,
LAT-7.75_LON116.25,-7.75,116.25,2008,8,2008-08,
LAT-7.75_LON116.75,-7.75,116.75,2008,8,2008-08,
LAT-7.75_LON117.25,-7.75,117.25,2008,8,2008-08,
LAT-7.75_LON117.75,-7.75,117.75,2008,8,2008-08,
LAT-7.75_LON118.25,-7.75,118.25,2008,8,2008-08,
LAT-7.75_LON118.75,-7.75,118.75,2008,8,2008-08,
LAT-7.75_LON119.25,-7.75,119.25,2008,8,2008-08,
LAT-9.25_LON115.75,-9.25,115.75,2008,9,2008-09,
LAT-9.25_LON116.25,-9.25,116.25,2008,9,2008-09,
LAT-9.25_LON116.75,-9.25,116.75,2008,9,2008-09,
LAT-9.25_LON117.25,-9.25,117.25,2008,9,2008-09,
LAT-9.25_LON117.75,-9.25,117.75,2008,9,2008-09,
LAT-9.25_LON118.25,-9.25,118.25,2008,9,2008-09,
LAT-9.25_LON118.75,-9.25,118.75,2008,9,2008-09,
LAT-9.25_LON119.25,-9.25,119.25,2008,9,2008-09,
LAT-8.75_LON115.75,-8.75,115.75,2008,9,2008-09,
LAT-8.75_LON116.25,-8.75,116.25,2008,9,2008-09,21.08318700810274
LAT-8.75_LON116.75,-8.75,116.75,2008,9,2008-09,
LAT-8.75_LON117.25,-8.75,117.25,2008,9,2008-09,19.921509729146944
LAT-8.75_LON117.75,-8.75,117.75,2008,9,2008-09,
LAT-8.75_LON118.25,-8.75,118.25,2008,9,2008-09,
LAT-8.75_LON118.75,-8.75,118.75,2008,9,2008-09,22.877851228078203
LAT-8.75_LON119.25,-8.75,119.25,2008,9,2008-09,
LAT-8.25_LON115.75,-8.25,115.75,2008,9,2008-09,
LAT-8.25_LON116.25,-8.25,116.25,2008,9,2008-09,
LAT-8.25_LON116.75,-8.25,116.75,2008,9,2008-09,
LAT-8.25_LON117.25,-8.25,117.25,2008,9,2008-09,
LAT-8.25_LON117.75,-8.25,117.75,2008,9,2008-09,16.171046533465386
LAT-8.25_LON118.25,-8.25,118.25,2008,9,2008-09,
LAT-8.25_LON118.75,-8.25,118.75,2008,9,2008-09,
LAT-8.25_LON119.25,-8.25,119.25,2008,9,2008-09,
LAT-7.75_LON115.75,-7.75,115.75,2008,9,2008-09,
LAT-7.75_LON116.25,-7.75,116.25,2008,9,2008-09,
LAT-7.75_LON116.75,-7.75,116.75,2008,9,2008-09,
LAT-7.75_LON117.25,-7.75,117.25,2008,9,2008-09,
LAT-7.75_LON117.75,-7.75,117.75,2008,9,2008-09,
LAT-7.75_LON118.25,-7.75,118.25,2008,9,2008-09,
LAT-7.75_LON118.75,-7.75,118.75,2008,9,2008-09,
LAT-7.75_LON119.25,-7.75,119.25,2008,9,2008-09,
LAT-9.25_LON115.75,-9.25,115.75,2008,10,2008-10,
LAT-9.25_LON116.25,-9.25,116.25,2008,10,2008-10,
LAT-9.25_LON116.75,-9.25,116.75,2008,10,2008-10,
LAT-9.25_LON117.25,-9.25,117.25,2008,10,2008-10,
LAT-9.25_LON117.75,-9.25,117.75,2008,10,2008-10,
LAT-9.25_LON118.25,-9.25,118.25,2008,10,2008-10,
LAT-9.25_LON118.75,-9.25,118.75,2008,10,2008-10,
LAT-9.25_LON119.25,-9.25,119.25,2008,10,2008-10,
LAT-8.75_LON115.75,-8.75,115.75,2008,10,2008-10,
LAT-8.75_LON116.25,-8.75,116.25,2008,10,2008-10,20.276493315927446
LAT-8.75_LON116.75,-8.75,116.75,2008,10,2008-10,
LAT-8.75_LON117.25,-8.75,117.25,2008,10,2008-10,18.536577157012875
LAT-8.75_LON117.75,-8.75,117.75,2008,10,2008-10,
LAT-8.75_LON118.25,-8.75,118.25,2008,10,2008-10,
LAT-8.75_LON118.75,-8.75,118.75,2008,10,2008-10,22.143961870131964
LAT-8.75_LON119.25,-8.75,119.25,2008,10,2008-10,
LAT-8.25_LON115.75,-8.25,115.75,2008,10,2008-10,
LAT-8.25_LON116.25,-8.25,116.25,2008,10,2008-10,
LAT-8.25_LON116.75,-8.25,116.75,2008,10,2008-10,
LAT-8.25_LON117.25,-8.25,117.25,2008,10,2008-10,
LAT-8.25_LON117.75,-8.25,117.75,2008,10,2008-10,14.222020067668735
LAT-8.25_LON118.25,-8.25,118.25,2008,10,2008-10,
LAT-8.25_LON118.75,-8.25,118.75,2008,10,2008-10,
LAT-8.25_LON119.25,-8.25,119.25,2008,10,2008-10,
LAT-7.75_LON115.75,-7.75,115.75,2008,10,2008-10,
LAT-7.75_LON116.25,-7.75,116.25,2008,10,2008-10,
LAT-7.75_LON116.75,-7.75,116.75,2008,10,2008-10,
LAT-7.75_LON117.25,-7.75,117.25,2008,10,2008-10,
LAT-7.75_LON117.75,-7.75,117.75,2008,10,2008-10,
LAT-7.75_LON118.25,-7.75,118.25,2008,10,2008-10,
LAT-7.75_LON118.75,-7.75,118.75,2008,10,2008-10,
LAT-7.75_LON119.25,-7.75,119.25,2008,10,2008-10,
LAT-9.25_LON115.75,-9.25,115.75,2008,11,2008-11,
LAT-9.25_LON116.25,-9.25,116.25,2008,11,2008-11,
LAT-9.25_LON116.75,-9.25,116.75,2008,11,2008-11,
LAT-9.25_LON117.25,-9.25,117.25,2008,11,2008-11,
LAT-9.25_LON117.75,-9.25,117.75,2008,11,2008-11,
LAT-9.25_LON118.25,-9.25,118.25,2008,11,2008-11,
LAT-9.25_LON118.75,-9.25,118.75,2008,11,2008-11,
LAT-9.25_LON119.25,-9.25,119.25,2008,11,2008-11,
LAT-8.75_LON115.75,-8.75,115.75,2008,11,2008-11,
LAT-8.75_LON116.25,-8.75,116.25,2008,11,2008-11,21.553153121391947
LAT-8.75_LON116.75,-8.75,116.75,2008,11,2008-11,
LAT-8.75_LON117.25,-8.75,117.25,2008,11,2008-11,19.349179680109014
LAT-8.75_LON117.75,-8.75,117.75,2008,11,2008-11,
LAT-8.75_LON118.25,-8.75,118.25,2008,11,2008-11,
LAT-8.75_LON118.75,-8.75,118.75,2008,11,2008-11,22.518064151287074
LAT-8.75_LON119.25,-8.75,119.25,2008,11,2008-11,
LAT-8.25_LON115.75,-8.25,115.75,2008,11,2008-11,
LAT-8.25_LON116.25,-8.25,116.25,2008,11,2008-11,
LAT-8.25_LON116.75,-8.25,116.75,2008,11,2008-11,
LAT-8.25_LON117.25,-8.25,117.25,2008,11,2008-11,
LAT-8.25_LON117.75,-8.25,117.75,2008,11,2008-11,14.406054673075678
LAT-8.25_LON118.25,-8.25,118.25,2008,11,2008-11,
LAT-8.25_LON118.75,-8.25,118.75,2008,11,2008-11,
LAT-8.25_LON119.25,-8.25,119.25,2008,11,2008-11,
LAT-7.75_LON115.75,-7.75,115.75,2008,11,2008-11,
LAT-7.75_LON116.25,-7.75,116.25,2008,11,2008-11,
LAT-7.75_LON116.75,-7.75,116.75,2008,11,2008-11,
LAT-7.75_LON117.25,-7.75,117.25,2008,11,2008-11,
LAT-7.75_LON117.75,-7.75,117.75,2008,11,2008-11,
LAT-7.75_LON118.25,-7.75,118.25,2008,11,2008-11,
LAT-7.75_LON118.75,-7.75,118.75,2008,11,2008-11,
LAT-7.75_LON119.25,-7.75,119.25,2008,11,2008-11,
LAT-9.25_LON115.75,-9.25,115.75,2008,12,2008-12,
LAT-9.25_LON116.25,-9.25,116.25,2008,12,2008-12,
LAT-9.25_LON116.75,-9.25,116.75,2008,12,2008-12,
LAT-9.25_LON117.25,-9.25,117.25,2008,12,2008-12,
LAT-9.25_LON117.75,-9.25,117.75,2008,12,2008-12,
LAT-9.25_LON118.25,-9.25,118.25,2008,12,2008-12,
LAT-9.25_LON118.75,-9.25,118.75,2008,12,2008-12,
LAT-9.25_LON119.25,-9.25,119.25,2008,12,2008-12,
LAT-8.75_LON115.75,-8.75,115.75,2008,12,2008-12,
LAT-8.75_LON116.25,-8.75,116.25,2008,12,2008-12,27.247773413427407
LAT-8.75_LON116.75,-8.75,116.75,2008,12,2008-12,
LAT-8.75_LON117.25,-8.75,117.25,2008,12,2008-12,24.743627631895
LAT-8.75_LON117.75,-8.75,117.75,2008,12,2008-12,
LAT-8.75_LON118.25,-8.75,118.25,2008,12,2008-12,
LAT-8.75_LON118.75,-8.75,118.75,2008,12,2008-12,27.196153239511656
LAT-8.75_LON119.25,-8.75,119.25,2008,12,2008-12,
LAT-8.25_LON115.75,-8.25,115.75,2008,12,2008-12,
LAT-8.25_LON116.25,-8.25,116.25,2008,12,2008-12,
LAT-8.25_LON116.75,-8.25,116.75,2008,12,2008-12,
LAT-8.25_LON117.25,-8.25,117.25,2008,12,2008-12,
LAT-8.25_LON117.75,-8.25,117.75,2008,12,2008-12,20.182150659638054
LAT-8.25_LON118.25,-8.25,118.25,2008,12,2008-12,
LAT-8.25_LON118.75,-8.25,118.75,2008,12,2008-12,
LAT-8.25_LON119.25,-8.25,119.25,2008,12,2008-12,
LAT-7.75_LON115.75,-7.75,115.75,2008,12,2008-12,
LAT-7.75_LON116.25,-7.75,116.25,2008,12,2008-12,
LAT-7.75_LON116.75,-7.75,116.75,2008,12,2008-12,
LAT-7.75_LON117.25,-7.75,117.25,2008,12,2008-12,
LAT-7.75_LON117.75,-7.75,117.75,2008,12,2008-12,
LAT-7.75_LON118.25,-7.75,118.25,2008,12,2008-12,
LAT-7.75_LON118.75,-7.75,118.75,2008,12,2008-12,
LAT-7.75_LON119.25,-7.75,119.25,2008,12,2008-12,
LAT-9.25_LON115.75,-9.25,115.75,2009,1,2009-01,
LAT-9.25_LON116.25,-9.25,116.25,2009,1,2009-01,
LAT-9.25_LON116.75,-9.25,116.75,2009,1,2009-01,
LAT-9.25_LON117.25,-9.25,117.25,2009,1,2009-01,
LAT-9.25_LON117.75,-9.25,117.75,2009,1,2009-01,
LAT-9.25_LON118.25,-9.25,118.25,2009,1,2009-01,
LAT-9.25_LON118.75,-9.25,118.75,2009,1,2009-01,
LAT-9.25_LON119.25,-9.25,119.25,2009,1,2009-01,
LAT-8.75_LON115.75,-8.75,115.75,2009,1,2009-01,
LAT-8.75_LON116.25,-8.75,116.25,2009,1,2009-01,36.38527698270735
LAT-8.75_LON116.75,-8.75,116.75,2009,1,2009-01,
LAT-8.75_LON117.25,-8.75,117.25,2009,1,2009-01,32.36421900349279
LAT-8.75_LON117.75,-8.75,117.75,2009,1,2009-01,
LAT-8.75_LON118.25,-8.75,118.25,2009,1,2009-01,
LAT-8.75_LON118.75,-8.75,118.75,2009,1,2009-01,33.79378609080469
LAT-8.75_LON119.25,-8.75,119.25,2009,1,2009-01,
LAT-8.25_LON115.75,-8.25,115.75,2009,1,2009-01,
LAT-8.25_LON116.25,-8.25,116.25,2009,1,2009-01,
LAT-8.25_LON116.75,-8.25,116.75,2009,1,2009-01,
LAT-8.25_LON117.25,-8.25,117.25,2009,1,2009-01,
LAT-8.25_LON117.75,-8.25,117.75,2009,1,2009-01,30.894961289744227
LAT-8.25_LON118.25,-8.25,118.25,2009,1,2009-01,
LAT-8.25_LON118.75,-8.25,118.75,2009,1,2009-01,
LAT-8.25_LON119.25,-8.25,119.25,2009,1,2009-01,
LAT-7.75_LON115.75,-7.75,115.75,2009,1,2009-01,
LAT-7.75_LON116.25,-7.75,116.25,2009,1,2009-01,
LAT-7.75_LON116.75,-7.75,116.75,2009,1,2009-01,
LAT-7.75_LON117.25,-7.75,117.25,2009,1,2009-01,
LAT-7.75_LON117.75,-7.75,117.75,2009,1,2009-01,
LAT-7.75_LON118.25,-7.75,118.25,2009,1,2009-01,
LAT-7.75_LON118.75,-7.75,118.75,2009,1,2009-01,
LAT-7.75_LON119.25,-7.75,119.25,2009,1,2009-01,
LAT-9.25_LON115.75,-9.25,115.75,2009,2,2009-02,
LAT-9.25_LON116.25,-9.25,116.25,2009,2,2009-02,
LAT-9.25_LON116.75,-9.25,116.75,2009,2,2009-02,
LAT-9.25_LON117.25,-9.25,117.25,2009,2,2009-02,
LAT-9.25_LON117.75,-9.25,117.75,2009,2,2009-02,
LAT-9.25_LON118.25,-9.25,118.25,2009,2,2009-02,
LAT-9.25_LON118.75,-9.25,118.75,2009,2,2009-02,
LAT-9.25_LON119.25,-9.25,119.25,2009,2,2009-02,
LAT-8.75_LON115.75,-8.75,115.75,2009,2,2009-02,
LAT-8.75_LON116.25,-8.75,116.25,2009,2,2009-02,43.145693223987294
LAT-8.75_LON116.75,-8.75,116.75,2009,2,2009-02,
LAT-8.75_LON117.25,-8.75,117.25,2009,2,2009-02,41.3139699528047
LAT-8.75_LON117.75,-8.75,117.75,2009,2,2009-02,
LAT-8.75_LON118.25,-8.75,118.25,2009,2,2009-02,
LAT-8.75_LON118.75,-8.75,118.75,2009,2,2009-02,39.758089559248525
LAT-8.75_LON119.25,-8.75,119.25,2009,2,2009-02,
LAT-8.25_LON115.75,-8.25,115.75,2009,2,2009-02,
LAT-8.25_LON116.25,-8.25,116.25,2009,2,2009-02,
LAT-8.25_LON116.75,-8.25,116.75,2009,2,2009-02,
LAT-8.25_LON117.25,-8.25,117.25,2009,2,2009-02,
LAT-8.25_LON117.75,-8.25,117.75,2009,2,2009-02,41.817169344084625
LAT-8.25_LON118.25,-8.25,118.25,2009,2,2009-02,
LAT-8.25_LON118.75,-8.25,118.75,2009,2,2009-02,
LAT-8.25_LON119.25,-8.25,119.25,2009,2,2009-02,
LAT-7.75_LON115.75,-7.75,115.75,2009,2,2009-02,
LAT-7.75_LON116.25,-7.75,116.25,2009,2,2009-02,
LAT-7.75_LON116.75,-7.75,116.75,2009,2,2009-02,
LAT-7.75_LON117.25,-7.75,117.25,2009,2,2009-02,
LAT-7.75_LON117.75,-7.75,117.75,2009,2,2009-02,
LAT-7.75_LON118.25,-7.75,118.25,2009,2,2009-02,
LAT-7.75_LON118.75,-7.75,118.75,2009,2,2009-02,
LAT-7.75_LON119.25,-7.75,119.25,2009,2,2009-02,
LAT-9.25_LON115.75,-9.25,115.75,2009,3,2009-03,
LAT-9.25_LON116.25,-9.25,116.25,2009,3,2009-03,
LAT-9.25_LON116.75,-9.25,116.75,2009,3,2009-03,
LAT-9.25_LON117.25,-9.25,117.25,2009,3,2009-03,
LAT-9.25_LON117.75,-9.25,117.75,2009,3,2009-03,
LAT-9.25_LON118.25,-9.25,118.25,2009,3,2009-03,
LAT-9.25_LON118.75,-9.25,118.75,2009,3,2009-03,
LAT-9.25_LON119.25,-9.25,119.25,2009,3,2009-03,
LAT-8.75_LON115.75,-8.75,115.75,2009,3,2009-03,
LAT-8.75_LON116.25,-8.75,116.25,2009,3,2009-03,40.904550166899156
LAT-8.75_LON116.75,-8.75,116.75,2009,3,2009-03,
LAT-8.75_LON117.25,-8.75,117.25,2009,3,2009-03,42.09266034157043
LAT-8.75_LON117.75,-8.75,117.75,2009,3,2009-03,
LAT-8.75_LON118.25,-8.75,118.25,2009,3,2009-03,
LAT-8.75_LON118.75,-8.75,118.75,2009,3,2009-03,40.547937972007254
LAT-8.75_LON119.25,-8.75,119.25,2009,3,2009-03,
LAT-8.25_LON115.75,-8.25,115.75,2009,3,2009-03,
LAT-8.25_LON116.25,-8.25,116.25,2009,3,2009-03,
LAT-8.25_LON116.75,-8.25,116.75,2009,3,2009-03,
LAT-8.25_LON117.25,-8.25,117.25,2009,3,2009-03,
LAT-8.25_LON117.75,-8.25,117.75,2009,3,2009-03,41.06340519143688
LAT-8.25_LON118.25,-8.25,118.25,2009,3,2009-03,
LAT-8.25_LON118.75,-8.25,118.75,2009,3,2009-03,
LAT-8.25_LON119.25,-8.25,119.25,2009,3,2009-03,
LAT-7.75_LON115.75,-7.75,115.75,2009,3,2009-03,
LAT-7.75_LON116.25,-7.75,116.25,2009,3,2009-03,
LAT-7.75_LON116.75,-7.75,116.75,2009,3,2009-03,
LAT-7.75_LON117.25,-7.75,117.25,2009,3,2009-03,
LAT-7.75_LON117.75,-7.75,117.75,2009,3,2009-03,
LAT-7.75_LON118.25,-7.75,118.25,2009,3,2009-03,
LAT-7.75_LON118.75,-7.75,118.75,2009,3,2009-03,
LAT-7.75_LON119.25,-7.75,119.25,2009,3,2009-03,
LAT-9.25_LON115.75,-9.25,115.75,2009,4,2009-04,
LAT-9.25_LON116.25,-9.25,116.25,2009,4,2009-04,
LAT-9.25_LON116.75,-9.25,116.75,2009,4,2009-04,
LAT-9.25_LON117.25,-9.25,117.25,2009,4,2009-04,
LAT-9.25_LON117.75,-9.25,117.75,2009,4,2009-04,
LAT-9.25_LON118.25,-9.25,118.25,2009,4,2009-04,
LAT-9.25_LON118.75,-9.25,118.75,2009,4,2009-04,
LAT-9.25_LON119.25,-9.25,119.25,2009,4,2009-04,
LAT-8.75_LON115.75,-8.75,115.75,2009,4,2009-04,
LAT-8.75_LON116.25,-8.75,116.25,2009,4,2009-04,35.15740071956317
LAT-8.75_LON116.75,-8.75,116.75,2009,4,2009-04,
LAT-8.75_LON117.25,-8.75,117.25,2009,4,2009-04,35.40443417255085
LAT-8.75_LON117.75,-8.75,117.75,2009,4,2009-04,
LAT-8.75_LON118.25,-8.75,118.25,2009,4,2009-04,
LAT-8.75_LON118.75,-8.75,118.75,2009,4,2009-04,33.84247805325191
LAT-8.75_LON119.25,-8.75,119.25,2009,4,2009-04,
LAT-8.25_LON115.75,-8.25,115.75,2009,4,2009-04,
LAT-8.25_LON116.25,-8.25,116.25,2009,4,2009-04,
LAT-8.25_LON116.75,-8.25,116.75,2009,4,2009-04,
LAT-8.25_LON117.25,-8.25,117.25,2009,4,2009-04,
LAT-8.25_LON117.75,-8.25,117.75,2009,4,2009-04,32.825437527974444
LAT-8.25_LON118.25,-8.25,118.25,2009,4,2009-04,
LAT-8.25_LON118.75,-8.25,118.75,2009,4,2009-04,
LAT-8.25_LON119.25,-8.25,119.25,2009,4,2009-04,
LAT-7.75_LON115.75,-7.75,115.75,2009,4,2009-04,
LAT-7.75_LON116.25,-7.75,116.25,2009,4,2009-04,
LAT-7.75_LON116.75,-7.75,116.75,2009,4,2009-04,
LAT-7.75_LON117.25,-7.75,117.25,2009,4,2009-04,
LAT-7.75_LON117.75,-7.75,117.75,2009,4,2009-04,
LAT-7.75_LON118.25,-7.75,118.25,2009,4,2009-04,
LAT-7.75_LON118.75,-7.75,118.75,2009,4,2009-04,
LAT-7.75_LON119.25,-7.75,119.25,2009,4,2009-04,
LAT-9.25_LON115.75,-9.25,115.75,2009,5,2009-05,
LAT-9.25_LON116.25,-9.25,116.25,2009,5,2009-05,
LAT-9.25_LON116.75,-9.25,116.75,2009,5,2009-05,
LAT-9.25_LON117.25,-9.25,117.25,2009,5,2009-05,
LAT-9.25_LON117.75,-9.25,117.75,2009,5,2009-05,
LAT-9.25_LON118.25,-9.25,118.25,2009,5,2009-05,
LAT-9.25_LON118.75,-9.25,118.75,2009,5,2009-05,
LAT-9.25_LON119.25,-9.25,119.25,2009,5,2009-05,
LAT-8.75_LON115.75,-8.75,115.75,2009,5,2009-05,
LAT-8.75_LON116.25,-8.75,116.25,2009,5,2009-05,32.87518072451315
LAT-8.75_LON116.75,-8.75,116.75,2009,5,2009-05,
LAT-8.75_LON117.25,-8.75,117.25,2009,5,2009-05,31.410621141003016
LAT-8.75_LON117.75,-8.75,117.75,2009,5,2009-05,
LAT-8.75_LON118.25,-8.75,118.25,2009,5,2009-05,
LAT-8.75_LON118.75,-8.75,118.75,2009,5,2009-05,29.795074909771646
LAT-8.75_LON119.25,-8.75,119.25,2009,5,2009-05,
LAT-8.25_LON115.75,-8.25,115.75,2009,5,2009-05,
LAT-8.25_LON116.25,-8.25,116.25,2009,5,2009-05,
LAT-8.25_LON116.75,-8.25,116.75,2009,5,2009-05,
LAT-8.25_LON117.25,-8.25,117.25,2009,5,2009-05,
LAT-8.25_LON117.75,-8.25,117.75,2009,5,2009-05,28.04908690983249
LAT-8.25_LON118.25,-8.25,118.25,2009,5,2009-05,
LAT-8.25_LON118.75,-8.25,118.75,2009,5,2009-05,
LAT-8.25_LON119.25,-8.25,119.25,2009,5,2009-05,
LAT-7.75_LON115.75,-7.75,115.75,2009,5,2009-05,
LAT-7.75_LON116.25,-7.75,116.25,2009,5,2009-05,
LAT-7.75_LON116.75,-7.75,116.75,2009,5,2009-05,
LAT-7.75_LON117.25,-7.75,117.25,2009,5,2009-05,
LAT-7.75_LON117.75,-7.75,117.75,2009,5,2009-05,
LAT-7.75_LON118.25,-7.75,118.25,2009,5,2009-05,
LAT-7.75_LON118.75,-7.75,118.75,2009,5,2009-05,
LAT-7.75_LON119.25,-7.75,119.25,2009,5,2009-05,
LAT-9.25_LON115.75,-9.25,115.75,2009,6,2009-06,
LAT-9.25_LON116.25,-9.25,116.25,2009,6,2009-06,
LAT-9.25_LON116.75,-9.25,116.75,2009,6,2009-06,
LAT-9.25_LON117.25,-9.25,117.25,2009,6,2009-06,
LAT-9.25_LON117.75,-9.25,117.75,2009,6,2009-06,
LAT-9.25_LON118.25,-9.25,118.25,2009,6,2009-06,
LAT-9.25_LON118.75,-9.25,118.75,2009,6,2009-06,
LAT-9.25_LON119.25,-9.25,119.25,2009,6,2009-06,
LAT-8.75_LON115.75,-8.75,115.75,2009,6,2009-06,
LAT-8.75_LON116.25,-8.75,116.25,2009,6,2009-06,29.498185165087367
LAT-8.75_LON116.75,-8.75,116.75,2009,6,2009-06,
LAT-8.75_LON117.25,-8.75,117.25,2009,6,2009-06,27.63734239383537
LAT-8.75_LON117.75,-8.75,117.75,2009,6,2009-06,
LAT-8.75_LON118.25,-8.75,118.25,2009,6,2009-06,
LAT-8.75_LON118.75,-8.75,118.75,2009,6,2009-06,26.82030154673259
LAT-8.75_LON119.25,-8.75,119.25,2009,6,2009-06,
LAT-8.25_LON115.75,-8.25,115.75,2009,6,2009-06,
LAT-8.25_LON116.25,-8.25,116.25,2009,6,2009-06,
LAT-8.25_LON116.75,-8.25,116.75,2009,6,2009-06,
LAT-8.25_LON117.25,-8.25,117.25,2009,6,2009-06,
LAT-8.25_LON117.75,-8.25,117.75,2009,6,2009-06,24.162882092793765
LAT-8.25_LON118.25,-8.25,118.25,2009,6,2009-06,
LAT-8.25_LON118.75,-8.25,118.75,2009,6,2009-06,
LAT-8.25_LON119.25,-8.25,119.25,2009,6,2009-06,
LAT-7.75_LON115.75,-7.75,115.75,2009,6,2009-06,
LAT-7.75_LON116.25,-7.75,116.25,2009,6,2009-06,
LAT-7.75_LON116.75,-7.75,116.75,2009,6,2009-06,
LAT-7.75_LON117.25,-7.75,117.25,2009,6,2009-06,
LAT-7.75_LON117.75,-7.75,117.75,2009,6,2009-06,
LAT-7.75_LON118.25,-7.75,118.25,2009,6,2009-06,
LAT-7.75_LON118.75,-7.75,118.75,2009,6,2009-06,
LAT-7.75_LON119.25,-7.75,119.25,2009,6,2009-06,
LAT-9.25_LON115.75,-9.25,115.75,2009,7,2009-07,
LAT-9.25_LON116.25,-9.25,116.25,2009,7,2009-07,
LAT-9.25_LON116.75,-9.25,116.75,2009,7,2009-07,
LAT-9.25_LON117.25,-9.25,117.25,2009,7,2009-07,
LAT-9.25_LON117.75,-9.25,117.75,2009,7,2009-07,
LAT-9.25_LON118.25,-9.25,118.25,2009,7,2009-07,
LAT-9.25_LON118.75,-9.25,118.75,2009,7,2009-07,
LAT-9.25_LON119.25,-9.25,119.25,2009,7,2009-07,
LAT-8.75_LON115.75,-8.75,115.75,2009,7,2009-07,
LAT-8.75_LON116.25,-8.75,116.25,2009,7,2009-07,25.303773137946287
LAT-8.75_LON116.75,-8.75,116.75,2009,7,2009-07,
LAT-8.75_LON117.25,-8.75,117.25,2009,7,2009-07,23.7164588309488
LAT-8.75_LON117.75,-8.75,117.75,2009,7,2009-07,
LAT-8.75_LON118.25,-8.75,118.25,2009,7,2009-07,
LAT-8.75_LON118.75,-8.75,118.75,2009,7,2009-07,24.39669361460594
LAT-8.75_LON119.25,-8.75,119.25,2009,7,2009-07,
LAT-8.25_LON115.75,-8.25,115.75,2009,7,2009-07,
LAT-8.25_LON116.25,-8.25,116.25,2009,7,2009-07,
LAT-8.25_LON116.75,-8.25,116.75,2009,7,2009-07,
LAT-8.25_LON117.25,-8.25,117.25,2009,7,2009-07,
LAT-8.25_LON117.75,-8.25,117.75,2009,7,2009-07,19.961867254664828
LAT-8.25_LON118.25,-8.25,118.25,2009,7,2009-07,
LAT-8.25_LON118.75,-8.25,118.75,2009,7,2009-07,
LAT-8.25_LON119.25,-8.25,119.25,2009,7,2009-07,
LAT-7.75_LON115.75,-7.75,115.75,2009,7,2009-07,
LAT-7.75_LON116.25,-7.75,116.25,2009,7,2009-07,
LAT-7.75_LON116.75,-7.75,116.75,2009,7,2009-07,
LAT-7.75_LON117.25,-7.75,117.25,2009,7,2009-07,
LAT-7.75_LON117.75,-7.75,117.75,2009,7,2009-07,
LAT-7.75_LON118.25,-7.75,118.25,2009,7,2009-07,
LAT-7.75_LON118.75,-7.75,118.75,2009,7,2009-07,
LAT-7.75_LON119.25,-7.75,119.25,2009,7,2009-07,
LAT-9.25_LON115.75,-9.25,115.75,2009,8,2009-08,
LAT-9.25_LON116.25,-9.25,116.25,2009,8,2009-08,
LAT-9.25_LON116.75,-9.25,116.75,2009,8,2009-08,
LAT-9.25_LON117.25,-9.25,117.25,2009,8,2009-08,
LAT-9.25_LON117.75,-9.25,117.75,2009,8,2009-08,
LAT-9.25_LON118.25,-9.25,118.25,2009,8,2009-08,
LAT-9.25_LON118.75,-9.25,118.75,2009,8,2009-08,
LAT-9.25_LON119.25,-9.25,119.25,2009,8,2009-08,
LAT-8.75_LON115.75,-8.75,115.75,2009,8,2009-08,
LAT-8.75_LON116.25,-8.75,116.25,2009,8,2009-08,22.43010021451981
LAT-8.75_LON116.75,-8.75,116.75,2009,8,2009-08,
LAT-8.75_LON117.25,-8.75,117.25,2009,8,2009-08,20.73371226118458
LAT-8.75_LON117.75,-8.75,117.75,2009,8,2009-08,
LAT-8.75_LON118.25,-8.75,118.25,2009,8,2009-08,
LAT-8.75_LON118.75,-8.75,118.75,2009,8,2009-08,22.776309469438374
LAT-8.75_LON119.25,-8.75,119.25,2009,8,2009-08,
LAT-8.25_LON115.75,-8.25,115.75,2009,8,2009-08,
LAT-8.25_LON116.25,-8.25,116.25,2009,8,2009-08,
LAT-8.25_LON116.75,-8.25,116.75,2009,8,2009-08,
LAT-8.25_LON117.25,-8.25,117.25,2009,8,2009-08,
LAT-8.25_LON117.75,-8.25,117.75,2009,8,2009-08,16.581491389274596
LAT-8.25_LON118.25,-8.25,118.25,2009,8,2009-08,
LAT-8.25_LON118.75,-8.25,118.75,2009,8,2009-08,
LAT-8.25_LON119.25,-8.25,119.25,2009,8,2009-08,
LAT-7.75_LON115.75,-7.75,115.75,2009,8,2009-08,
LAT-7.75_LON116.25,-7.75,116.25,2009,8,2009-08,
LAT-7.75_LON116.75,-7.75,116.75,2009,8,2009-08,
LAT-7.75_LON117.25,-7.75,117.25,2009,8,2009-08,
LAT-7.75_LON117.75,-7.75,117.75,2009,8,2009-08,
LAT-7.75_LON118.25,-7.75,118.25,2009,8,2009-08,
LAT-7.75_LON118.75,-7.75,118.75,2009,8,2009-08,
LAT-7.75_LON119.25,-7.75,119.25,2009,8,2009-08,
LAT-9.25_LON115.75,-9.25,115.75,2009,9,2009-09,
LAT-9.25_LON116.25,-9.25,116.25,2009,9,2009-09,
LAT-9.25_LON116.75,-9.25,116.75,2009,9,2009-09,
LAT-9.25_LON117.25,-9.25,117.25,2009,9,2009-09,
LAT-9.25_LON117.75,-9.25,117.75,2009,9,2009-09,
LAT-9.25_LON118.25,-9.25,118.25,2009,9,2009-09,
LAT-9.25_LON118.75,-9.25,118.75,2009,9,2009-09,
LAT-9.25_LON119.25,-9.25,119.25,2009,9,2009-09,
LAT-8.75_LON115.75,-8.75,115.75,2009,9,2009-09,
LAT-8.75_LON116.25,-8.75,116.25,2009,9,2009-09,21.109090891321497
LAT-8.75_LON116.75,-8.75,116.75,2009,9,2009-09,
LAT-8.75_LON117.25,-8.75,117.25,2009,9,2009-09,18.92466036653518
LAT-8.75_LON117.75,-8.75,117.75,2009,9,2009-09,
LAT-8.75_LON118.25,-8.75,118.25,2009,9,2009-09,
LAT-8.75_LON118.75,-8.75,118.75,2009,9,2009-09,22.084776528954492
LAT-8.75_LON119.25,-8.75,119.25,2009,9,2009-09,
LAT-8.25_LON115.75,-8.25,115.75,2009,9,2009-09,
LAT-8.25_LON116.25,-8.25,116.25,2009,9,2009-09,
LAT-8.25_LON116.75,-8.25,116.75,2009,9,2009-09,
LAT-8.25_LON117.25,-8.25,117.25,2009,9,2009-09,
LAT-8.25_LON117.75,-8.25,117.75,2009,9,2009-09,14.234568989833189
LAT-8.25_LON118.25,-8.25,118.25,2009,9,2009-09,
LAT-8.25_LON118.75,-8.25,118.75,2009,9,2009-09,
LAT-8.25_LON119.25,-8.25,119.25,2009,9,2009-09,
LAT-7.75_LON115.75,-7.75,115.75,2009,9,2009-09,
LAT-7.75_LON116.25,-7.75,116.25,2009,9,2009-09,
LAT-7.75_LON116.75,-7.75,116.75,2009,9,2009-09,
LAT-7.75_LON117.25,-7.75,117.25,2009,9,2009-09,
LAT-7.75_LON117.75,-7.75,117.75,2009,9,2009-09,
LAT-7.75_LON118.25,-7.75,118.25,2009,9,2009-09,
LAT-7.75_LON118.75,-7.75,118.75,2009,9,2009-09,
LAT-7.75_LON119.25,-7.75,119.25,2009,9,2009-09,
LAT-9.25_LON115.75,-9.25,115.75,2009,10,2009-10,
LAT-9.25_LON116.25,-9.25,116.25,2009,10,2009-10,
LAT-9.25_LON116.75,-9.25,116.75,2009,10,2009-10,
LAT-9.25_LON117.25,-9.25,117.25,2009,10,2009-10,
LAT-9.25_LON117.75,-9.25,117.75,2009,10,2009-10,
LAT-9.25_LON118.25,-9.25,118.25,2009,10,2009-10,
LAT-9.25_LON118.75,-9.25,118.75,2009,10,2009-10,
LAT-9.25_LON119.25,-9.25,119.25,2009,10,2009-10,
LAT-8.75_LON115.75,-8.75,115.75,2009,10,2009-10,
LAT-8.75_LON116.25,-8.75,116.25,2009,10,2009-10,20.169971835344057
LAT-8.75_LON116.75,-8.75,116.75,2009,10,2009-10,
LAT-8.75_LON117.25,-8.75,117.25,2009,10,2009-10,17.773466503581695
LAT-8.75_LON117.75,-8.75,117.75,2009,10,2009-10,
LAT-8.75_LON118.25,-8.75,118.25,2009,10,2009-10,
LAT-8.75_LON118.75,-8.75,118.75,2009,10,2009-10,21.553503072838648
LAT-8.75_LON119.25,-8.75,119.25,2009,10,2009-10,
LAT-8.25_LON115.75,-8.25,115.75,2009,10,2009-10,
LAT-8.25_LON116.25,-8.25,116.25,2009,10,2009-10,
LAT-8.25_LON116.75,-8.25,116.75,2009,10,2009-10,
LAT-8.25_LON117.25,-8.25,117.25,2009,10,2009-10,
LAT-8.25_LON117.75,-8.25,117.75,2009,10,2009-10,12.643043799477235
LAT-8.25_LON118.25,-8.25,118.25,2009,10,2009-10,
LAT-8.25_LON118.75,-8.25,118.75,2009,10,2009-10,
LAT-8.25_LON119.25,-8.25,119.25,2009,10,2009-10,
LAT-7.75_LON115.75,-7.75,115.75,2009,10,2009-10,
LAT-7.75_LON116.25,-7.75,116.25,2009,10,2009-10,
LAT-7.75_LON116.75,-7.75,116.75,2009,10,2009-10,
LAT-7.75_LON117.25,-7.75,117.25,2009,10,2009-10,
LAT-7.75_LON117.75,-7.75,117.75,2009,10,2009-10,
LAT-7.75_LON118.25,-7.75,118.25,2009,10,2009-10,
LAT-7.75_LON118.75,-7.75,118.75,2009,10,2009-10,
LAT-7.75_LON119.25,-7.75,119.25,2009,10,2009-10,
LAT-9.25_LON115.75,-9.25,115.75,2009,11,2009-11,
LAT-9.25_LON116.25,-9.25,116.25,2009,11,2009-11,
LAT-9.25_LON116.75,-9.25,116.75,2009,11,2009-11,
LAT-9.25_LON117.25,-9.25,117.25,2009,11,2009-11,
LAT-9.25_LON117.75,-9.25,117.75,2009,11,2009-11,
LAT-9.25_LON118.25,-9.25,118.25,2009,11,2009-11,
LAT-9.25_LON118.75,-9.25,118.75,2009,11,2009-11,
LAT-9.25_LON119.25,-9.25,119.25,2009,11,2009-11,
LAT-8.75_LON115.75,-8.75,115.75,2009,11,2009-11,
LAT-8.75_LON116.25,-8.75,116.25,2009,11,2009-11,20.1621766676108
LAT-8.75_LON116.75,-8.75,116.75,2009,11,2009-11,
LAT-8.75_LON117.25,-8.75,117.25,2009,11,2009-11,17.35284487525622
LAT-8.75_LON117.75,-8.75,117.75,2009,11,2009-11,
LAT-8.75_LON118.25,-8.75,118.25,2009,11,2009-11,
LAT-8.75_LON118.75,-8.75,118.75,2009,11,2009-11,21.175228630820907
LAT-8.75_LON119.25,-8.75,119.25,2009,11,2009-11,
LAT-8.25_LON115.75,-8.25,115.75,2009,11,2009-11,
LAT-8.25_LON116.25,-8.25,116.25,2009,11,2009-11,
LAT-8.25_LON116.75,-8.25,116.75,2009,11,2009-11,
LAT-8.25_LON117.25,-8.25,117.25,2009,11,2009-11,
LAT-8.25_LON117.75,-8.25,117.75,2009,11,2009-11,11.777639889438952
LAT-8.25_LON118.25,-8.25,118.25,2009,11,2009-11,
LAT-8.25_LON118.75,-8.25,118.75,2009,11,2009-11,
LAT-8.25_LON119.25,-8.25,119.25,2009,11,2009-11,
LAT-7.75_LON115.75,-7.75,115.75,2009,11,2009-11,
LAT-7.75_LON116.25,-7.75,116.25,2009,11,2009-11,
LAT-7.75_LON116.75,-7.75,116.75,2009,11,2009-11,
LAT-7.75_LON117.25,-7.75,117.25,2009,11,2009-11,
LAT-7.75_LON117.75,-7.75,117.75,2009,11,2009-11,
LAT-7.75_LON118.25,-7.75,118.25,2009,11,2009-11,
LAT-7.75_LON118.75,-7.75,118.75,2009,11,2009-11,
LAT-7.75_LON119.25,-7.75,119.25,2009,11,2009-11,
LAT-9.25_LON115.75,-9.25,115.75,2009,12,2009-12,
LAT-9.25_LON116.25,-9.25,116.25,2009,12,2009-12,
LAT-9.25_LON116.75,-9.25,116.75,2009,12,2009-12,
LAT-9.25_LON117.25,-9.25,117.25,2009,12,2009-12,
LAT-9.25_LON117.75,-9.25,117.75,2009,12,2009-12,
LAT-9.25_LON118.25,-9.25,118.25,2009,12,2009-12,
LAT-9.25_LON118.75,-9.25,118.75,2009,12,2009-12,
LAT-9.25_LON119.25,-9.25,119.25,2009,12,2009-12,
LAT-8.75_LON115.75,-8.75,115.75,2009,12,2009-12,
LAT-8.75_LON116.25,-8.75,116.25,2009,12,2009-12,21.030987698801116
LAT-8.75_LON116.75,-8.75,116.75,2009,12,2009-12,
LAT-8.75_LON117.25,-8.75,117.25,2009,12,2009-12,18.218871648042434
LAT-8.75_LON117.75,-8.75,117.75,2009,12,2009-12,
LAT-8.75_LON118.25,-8.75,118.25,2009,12,2009-12,
LAT-8.75_LON118.75,-8.75,118.75,2009,12,2009-12,21.992333914695248
LAT-8.75_LON119.25,-8.75,119.25,2009,12,2009-12,
LAT-8.25_LON115.75,-8.25,115.75,2009,12,2009-12,
LAT-8.25_LON116.25,-8.25,116.25,2009,12,2009-12,
LAT-8.25_LON116.75,-8.25,116.75,2009,12,2009-12,
LAT-8.25_LON117.25,-8.25,117.25,2009,12,2009-12,
LAT-8.25_LON117.75,-8.25,117.75,2009,12,2009-12,12.418746053057324
LAT-8.25_LON118.25,-8.25,118.25,2009,12,2009-12,
LAT-8.25_LON118.75,-8.25,118.75,2009,12,2009-12,
LAT-8.25_LON119.25,-8.25,119.25,2009,12,2009-12,
LAT-7.75_LON115.75,-7.75,115.75,2009,12,2009-12,
LAT-7.75_LON116.25,-7.75,116.25,2009,12,2009-12,
LAT-7.75_LON116.75,-7.75,116.75,2009,12,2009-12,
LAT-7.75_LON117.25,-7.75,117.25,2009,12,2009-12,
LAT-7.75_LON117.75,-7.75,117.75,2009,12,2009-12,
LAT-7.75_LON118.25,-7.75,118.25,2009,12,2009-12,
LAT-7.75_LON118.75,-7.75,118.75,2009,12,2009-12,
LAT-7.75_LON119.25,-7.75,119.25,2009,12,2009-12,
LAT-9.25_LON115.75,-9.25,115.75,2020,1,2020-01,
LAT-9.25_LON116.25,-9.25,116.25,2020,1,2020-01,
LAT-9.25_LON116.75,-9.25,116.75,2020,1,2020-01,
LAT-9.25_LON117.25,-9.25,117.25,2020,1,2020-01,
LAT-9.25_LON117.75,-9.25,117.75,2020,1,2020-01,
LAT-9.25_LON118.25,-9.25,118.25,2020,1,2020-01,
LAT-9.25_LON118.75,-9.25,118.75,2020,1,2020-01,
LAT-9.25_LON119.25,-9.25,119.25,2020,1,2020-01,
LAT-8.75_LON115.75,-8.75,115.75,2020,1,2020-01,
LAT-8.75_LON116.25,-8.75,116.25,2020,1,2020-01,32.547366594268425
LAT-8.75_LON116.75,-8.75,116.75,2020,1,2020-01,
LAT-8.75_LON117.25,-8.75,117.25,2020,1,2020-01,35.47946877256515
LAT-8.75_LON117.75,-8.75,117.75,2020,1,2020-01,
LAT-8.75_LON118.25,-8.75,118.25,2020,1,2020-01,
LAT-8.75_LON118.75,-8.75,118.75,2020,1,2020-01,34.996379879674585
LAT-8.75_LON119.25,-8.75,119.25,2020,1,2020-01,
LAT-8.25_LON115.75,-8.25,115.75,2020,1,2020-01,
LAT-8.25_LON116.25,-8.25,116.25,2020,1,2020-01,
LAT-8.25_LON116.75,-8.25,116.75,2020,1,2020-01,
LAT-8.25_LON117.25,-8.25,117.25,2020,1,2020-01,
LAT-8.25_LON117.75,-8.25,117.75,2020,1,2020-01,25.692779844883958
LAT-8.25_LON118.25,-8.25,118.25,2020,1,2020-01,
LAT-8.25_LON118.75,-8.25,118.75,2020,1,2020-01,
LAT-8.25_LON119.25,-8.25,119.25,2020,1,2020-01,
LAT-7.75_LON115.75,-7.75,115.75,2020,1,2020-01,
LAT-7.75_LON116.25,-7.75,116.25,2020,1,2020-01,
LAT-7.75_LON116.75,-7.75,116.75,2020,1,2020-01,
LAT-7.75_LON117.25,-7.75,117.25,2020,1,2020-01,
LAT-7.75_LON117.75,-7.75,117.75,2020,1,2020-01,
LAT-7.75_LON118.25,-7.75,118.25,2020,1,2020-01,
LAT-7.75_LON118.75,-7.75,118.75,2020,1,2020-01,
LAT-7.75_LON119.25,-7.75,119.25,2020,1,2020-01,
LAT-9.25_LON115.75,-9.25,115.75,2020,2,2020-02,
LAT-9.25_LON116.25,-9.25,116.25,2020,2,2020-02,
LAT-9.25_LON116.75,-9.25,116.75,2020,2,2020-02,
LAT-9.25_LON117.25,-9.25,117.25,2020,2,2020-02,
LAT-9.25_LON117.75,-9.25,117.75,2020,2,2020-02,
LAT-9.25_LON118.25,-9.25,118.25,2020,2,2020-02,
LAT-9.25_LON118.75,-9.25,118.75,2020,2,2020-02,
LAT-9.25_LON119.25,-9.25,119.25,2020,2,2020-02,
LAT-8.75_LON115.75,-8.75,115.75,2020,2,2020-02,
LAT-8.75_LON116.25,-8.75,116.25,2020,2,2020-02,27.542802283270614
LAT-8.75_LON116.75,-8.75,116.75,2020,2,2020-02,
LAT-8.75_LON117.25,-8.75,117.25,2020,2,2020-02,29.777311647596033
LAT-8.75_LON117.75,-8.75,117.75,2020,2,2020-02,
LAT-8.75_LON118.25,-8.75,118.25,2020,2,2020-02,
LAT-8.75_LON118.75,-8.75,118.75,2020,2,2020-02,29.012024486311553
LAT-8.75_LON119.25,-8.75,119.25,2020,2,2020-02,
LAT-8.25_LON115.75,-8.25,115.75,2020,2,2020-02,
LAT-8.25_LON116.25,-8.25,116.25,2020,2,2020-02,
LAT-8.25_LON116.75,-8.25,116.75,2020,2,2020-02,
LAT-8.25_LON117.25,-8.25,117.25,2020,2,2020-02,
LAT-8.25_LON117.75,-8.25,117.75,2020,2,2020-02,24.28076633034081
LAT-8.25_LON118.25,-8.25,118.25,2020,2,2020-02,
LAT-8.25_LON118.75,-8.25,118.75,2020,2,2020-02,
LAT-8.25_LON119.25,-8.25,119.25,2020,2,2020-02,
LAT-7.75_LON115.75,-7.75,115.75,2020,2,2020-02,
LAT-7.75_LON116.25,-7.75,116.25,2020,2,2020-02,
LAT-7.75_LON116.75,-7.75,116.75,2020,2,2020-02,
LAT-7.75_LON117.25,-7.75,117.25,2020,2,2020-02,
LAT-7.75_LON117.75,-7.75,117.75,2020,2,2020-02,
LAT-7.75_LON118.25,-7.75,118.25,2020,2,2020-02,
LAT-7.75_LON118.75,-7.75,118.75,2020,2,2020-02,
LAT-7.75_LON119.25,-7.75,119.25,2020,2,2020-02,
LAT-9.25_LON115.75,-9.25,115.75,2020,3,2020-03,
LAT-9.25_LON116.25,-9.25,116.25,2020,3,2020-03,
LAT-9.25_LON116.75,-9.25,116.75,2020,3,2020-03,
LAT-9.25_LON117.25,-9.25,117.25,2020,3,2020-03,
LAT-9.25_LON117.75,-9.25,117.75,2020,3,2020-03,
LAT-9.25_LON118.25,-9.25,118.25,2020,3,2020-03,
LAT-9.25_LON118.75,-9.25,118.75,2020,3,2020-03,
LAT-9.25_LON119.25,-9.25,119.25,2020,3,2020-03,
LAT-8.75_LON115.75,-8.75,115.75,2020,3,2020-03,
LAT-8.75_LON116.25,-8.75,116.25,2020,3,2020-03,36.956238641815794
LAT-8.75_LON116.75,-8.75,116.75,2020,3,2020-03,
LAT-8.75_LON117.25,-8.75,117.25,2020,3,2020-03,39.01514208332183
LAT-8.75_LON117.75,-8.75,117.75,2020,3,2020-03,
LAT-8.75_LON118.25,-8.75,118.25,2020,3,2020-03,
LAT-8.75_LON118.75,-8.75,118.75,2020,3,2020-03,34.48116015334282
LAT-8.75_LON119.25,-8.75,119.25,2020,3,2020-03,
LAT-8.25_LON115.75,-8.25,115.75,2020,3,2020-03,
LAT-8.25_LON116.25,-8.25,116.25,2020,3,2020-03,
LAT-8.25_LON116.75,-8.25,116.75,2020,3,2020-03,
LAT-8.25_LON117.25,-8.25,117.25,2020,3,2020-03,
LAT-8.25_LON117.75,-8.25,117.75,2020,3,2020-03,35.29366753393603
LAT-8.25_LON118.25,-8.25,118.25,2020,3,2020-03,
LAT-8.25_LON118.75,-8.25,118.75,2020,3,2020-03,
LAT-8.25_LON119.25,-8.25,119.25,2020,3,2020-03,
LAT-7.75_LON115.75,-7.75,115.75,2020,3,2020-03,
LAT-7.75_LON116.25,-7.75,116.25,2020,3,2020-03,
LAT-7.75_LON116.75,-7.75,116.75,2020,3,2020-03,
LAT-7.75_LON117.25,-7.75,117.25,2020,3,2020-03,
LAT-7.75_LON117.75,-7.75,117.75,2020,3,2020-03,
LAT-7.75_LON118.25,-7.75,118.25,2020,3,2020-03,
LAT-7.75_LON118.75,-7.75,118.75,2020,3,2020-03,
LAT-7.75_LON119.25,-7.75,119.25,2020,3,2020-03,
LAT-9.25_LON115.75,-9.25,115.75,2020,4,2020-04,
LAT-9.25_LON116.25,-9.25,116.25,2020,4,2020-04,
LAT-9.25_LON116.75,-9.25,116.75,2020,4,2020-04,
LAT-9.25_LON117.25,-9.25,117.25,2020,4,2020-04,
LAT-9.25_LON117.75,-9.25,117.75,2020,4,2020-04,
LAT-9.25_LON118.25,-9.25,118.25,2020,4,2020-04,
LAT-9.25_LON118.75,-9.25,118.75,2020,4,2020-04,
LAT-9.25_LON119.25,-9.25,119.25,2020,4,2020-04,
LAT-8.75_LON115.75,-8.75,115.75,2020,4,2020-04,
LAT-8.75_LON116.25,-8.75,116.25,2020,4,2020-04,36.96846328878403
LAT-8.75_LON116.75,-8.75,116.75,2020,4,2020-04,
LAT-8.75_LON117.25,-8.75,117.25,2020,4,2020-04,36.38659697071713
LAT-8.75_LON117.75,-8.75,117.75,2020,4,2020-04,
LAT-8.75_LON118.25,-8.75,118.25,2020,4,2020-04,
LAT-8.75_LON118.75,-8.75,118.75,2020,4,2020-04,32.270058013200774
LAT-8.75_LON119.25,-8.75,119.25,2020,4,2020-04,
LAT-8.25_LON115.75,-8.25,115.75,2020,4,2020-04,
LAT-8.25_LON116.25,-8.25,116.25,2020,4,2020-04,
LAT-8.25_LON116.75,-8.25,116.75,2020,4,2020-04,
LAT-8.25_LON117.25,-8.25,117.25,2020,4,2020-04,
LAT-8.25_LON117.75,-8.25,117.75,2020,4,2020-04,33.309832357962925
LAT-8.25_LON118.25,-8.25,118.25,2020,4,2020-04,
LAT-8.25_LON118.75,-8.25,118.75,2020,4,2020-04,
LAT-8.25_LON119.25,-8.25,119.25,2020,4,2020-04,
LAT-7.75_LON115.75,-7.75,115.75,2020,4,2020-04,
LAT-7.75_LON116.25,-7.75,116.25,2020,4,2020-04,
LAT-7.75_LON116.75,-7.75,116.75,2020,4,2020-04,
LAT-7.75_LON117.25,-7.75,117.25,2020,4,2020-04,
LAT-7.75_LON117.75,-7.75,117.75,2020,4,2020-04,
LAT-7.75_LON118.25,-7.75,118.25,2020,4,2020-04,
LAT-7.75_LON118.75,-7.75,118.75,2020,4,2020-04,
LAT-7.75_LON119.25,-7.75,119.25,2020,4,2020-04,
LAT-9.25_LON115.75,-9.25,115.75,2020,5,2020-05,
LAT-9.25_LON116.25,-9.25,116.25,2020,5,2020-05,
LAT-9.25_LON116.75,-9.25,116.75,2020,5,2020-05,
LAT-9.25_LON117.25,-9.25,117.25,2020,5,2020-05,
LAT-9.25_LON117.75,-9.25,117.75,2020,5,2020-05,
LAT-9.25_LON118.25,-9.25,118.25,2020,5,2020-05,
LAT-9.25_LON118.75,-9.25,118.75,2020,5,2020-05,
LAT-9.25_LON119.25,-9.25,119.25,2020,5,2020-05,
LAT-8.75_LON115.75,-8.75,115.75,2020,5,2020-05,
LAT-8.75_LON116.25,-8.75,116.25,2020,5,2020-05,33.86334939572118
LAT-8.75_LON116.75,-8.75,116.75,2020,5,2020-05,
LAT-8.75_LON117.25,-8.75,117.25,2020,5,2020-05,32.30745740875122
LAT-8.75_LON117.75,-8.75,117.75,2020,5,2020-05,
LAT-8.75_LON118.25,-8.75,118.25,2020,5,2020-05,
LAT-8.75_LON118.75,-8.75,118.75,2020,5,2020-05,29.43092605113983
LAT-8.75_LON119.25,-8.75,119.25,2020,5,2020-05,
LAT-8.25_LON115.75,-8.25,115.75,2020,5,2020-05,
LAT-8.25_LON116.25,-8.25,116.25,2020,5,2020-05,
LAT-8.25_LON116.75,-8.25,116.75,2020,5,2020-05,
LAT-8.25_LON117.25,-8.25,117.25,2020,5,2020-05,
LAT-8.25_LON117.75,-8.25,117.75,2020,5,2020-05,29.209948291778563
LAT-8.25_LON118.25,-8.25,118.25,2020,5,2020-05,
LAT-8.25_LON118.75,-8.25,118.75,2020,5,2020-05,
LAT-8.25_LON119.25,-8.25,119.25,2020,5,2020-05,
LAT-7.75_LON115.75,-7.75,115.75,2020,5,2020-05,
LAT-7.75_LON116.25,-7.75,116.25,2020,5,2020-05,
LAT-7.75_LON116.75,-7.75,116.75,2020,5,2020-05,
LAT-7.75_LON117.25,-7.75,117.25,2020,5,2020-05,
LAT-7.75_LON117.75,-7.75,117.75,2020,5,2020-05,
LAT-7.75_LON118.25,-7.75,118.25,2020,5,2020-05,
LAT-7.75_LON118.75,-7.75,118.75,2020,5,2020-05,
LAT-7.75_LON119.25,-7.75,119.25,2020,5,2020-05,
LAT-9.25_LON115.75,-9.25,115.75,2020,6,2020-06,
LAT-9.25_LON116.25,-9.25,116.25,2020,6,2020-06,
LAT-9.25_LON116.75,-9.25,116.75,2020,6,2020-06,
LAT-9.25_LON117.25,-9.25,117.25,2020,6,2020-06,
LAT-9.25_LON117.75,-9.25,117.75,2020,6,2020-06,
LAT-9.25_LON118.25,-9.25,118.25,2020,6,2020-06,
LAT-9.25_LON118.75,-9.25,118.75,2020,6,2020-06,
LAT-9.25_LON119.25,-9.25,119.25,2020,6,2020-06,
LAT-8.75_LON115.75,-8.75,115.75,2020,6,2020-06,
LAT-8.75_LON116.25,-8.75,116.25,2020,6,2020-06,34.05900078376134
LAT-8.75_LON116.75,-8.75,116.75,2020,6,2020-06,
LAT-8.75_LON117.25,-8.75,117.25,2020,6,2020-06,31.505943781455365
LAT-8.75_LON117.75,-8.75,117.75,2020,6,2020-06,
LAT-8.75_LON118.25,-8.75,118.25,2020,6,2020-06,
LAT-8.75_LON118.75,-8.75,118.75,2020,6,2020-06,28.999647532939925
LAT-8.75_LON119.25,-8.75,119.25,2020,6,2020-06,
LAT-8.25_LON115.75,-8.25,115.75,2020,6,2020-06,
LAT-8.25_LON116.25,-8.25,116.25,2020,6,2020-06,
LAT-8.25_LON116.75,-8.25,116.75,2020,6,2020-06,
LAT-8.25_LON117.25,-8.25,117.25,2020,6,2020-06,
LAT-8.25_LON117.75,-8.25,117.75,2020,6,2020-06,28.79606810943284
LAT-8.25_LON118.25,-8.25,118.25,2020,6,2020-06,
LAT-8.25_LON118.75,-8.25,118.75,2020,6,2020-06,
LAT-8.25_LON119.25,-8.25,119.25,2020,6,2020-06,
LAT-7.75_LON115.75,-7.75,115.75,2020,6,2020-06,
LAT-7.75_LON116.25,-7.75,116.25,2020,6,2020-06,
LAT-7.75_LON116.75,-7.75,116.75,2020,6,2020-06,
LAT-7.75_LON117.25,-7.75,117.25,2020,6,2020-06,
LAT-7.75_LON117.75,-7.75,117.75,2020,6,2020-06,
LAT-7.75_LON118.25,-7.75,118.25,2020,6,2020-06,
LAT-7.75_LON118.75,-7.75,118.75,2020,6,2020-06,
LAT-7.75_LON119.25,-7.75,119.25,2020,6,2020-06,
LAT-9.25_LON115.75,-9.25,115.75,2020,7,2020-07,
LAT-9.25_LON116.25,-9.25,116.25,2020,7,2020-07,
LAT-9.25_LON116.75,-9.25,116.75,2020,7,2020-07,
LAT-9.25_LON117.25,-9.25,117.25,2020,7,2020-07,
LAT-9.25_LON117.75,-9.25,117.75,2020,7,2020-07,
LAT-9.25_LON118.25,-9.25,118.25,2020,7,2020-07,
LAT-9.25_LON118.75,-9.25,118.75,2020,7,2020-07,
LAT-9.25_LON119.25,-9.25,119.25,2020,7,2020-07,
LAT-8.75_LON115.75,-8.75,115.75,2020,7,2020-07,
LAT-8.75_LON116.25,-8.75,116.25,2020,7,2020-07,28.900647048027302
LAT-8.75_LON116.75,-8.75,116.75,2020,7,2020-07,
LAT-8.75_LON117.25,-8.75,117.25,2020,7,2020-07,26.957845226718543
LAT-8.75_LON117.75,-8.75,117.75,2020,7,2020-07,
LAT-8.75_LON118.25,-8.75,118.25,2020,7,2020-07,
LAT-8.75_LON118.75,-8.75,118.75,2020,7,2020-07,26.51734084413899
LAT-8.75_LON119.25,-8.75,119.25,2020,7,2020-07,
LAT-8.25_LON115.75,-8.25,115.75,2020,7,2020-07,
LAT-8.25_LON116.25,-8.25,116.25,2020,7,2020-07,
LAT-8.25_LON116.75,-8.25,116.75,2020,7,2020-07,
LAT-8.25_LON117.25,-8.25,117.25,2020,7,2020-07,
LAT-8.25_LON117.75,-8.25,117.75,2020,7,2020-07,24.2823567049734
LAT-8.25_LON118.25,-8.25,118.25,2020,7,2020-07,
LAT-8.25_LON118.75,-8.25,118.75,2020,7,2020-07,
LAT-8.25_LON119.25,-8.25,119.25,2020,7,2020-07,
LAT-7.75_LON115.75,-7.75,115.75,2020,7,2020-07,
LAT-7.75_LON116.25,-7.75,116.25,2020,7,2020-07,
LAT-7.75_LON116.75,-7.75,116.75,2020,7,2020-07,
LAT-7.75_LON117.25,-7.75,117.25,2020,7,2020-07,
LAT-7.75_LON117.75,-7.75,117.75,2020,7,2020-07,
LAT-7.75_LON118.25,-7.75,118.25,2020,7,2020-07,
LAT-7.75_LON118.75,-7.75,118.75,2020,7,2020-07,
LAT-7.75_LON119.25,-7.75,119.25,2020,7,2020-07,
LAT-9.25_LON115.75,-9.25,115.75,2020,8,2020-08,
LAT-9.25_LON116.25,-9.25,116.25,2020,8,2020-08,
LAT-9.25_LON116.75,-9.25,116.75,2020,8,2020-08,
LAT-9.25_LON117.25,-9.25,117.25,2020,8,2020-08,
LAT-9.25_LON117.75,-9.25,117.75,2020,8,2020-08,
LAT-9.25_LON118.25,-9.25,118.25,2020,8,2020-08,
LAT-9.25_LON118.75,-9.25,118.75,2020,8,2020-08,
LAT-9.25_LON119.25,-9.25,119.25,2020,8,2020-08,
LAT-8.75_LON115.75,-8.75,115.75,2020,8,2020-08,
LAT-8.75_LON116.25,-8.75,116.25,2020,8,2020-08,25.098910031933954
LAT-8.75_LON116.75,-8.75,116.75,2020,8,2020-08,
LAT-8.75_LON117.25,-8.75,117.25,2020,8,2020-08,22.68840893580069
LAT-8.75_LON117.75,-8.75,117.75,2020,8,2020-08,
LAT-8.75_LON118.25,-8.75,118.25,2020,8,2020-08,
LAT-8.75_LON118.75,-8.75,118.75,2020,8,2020-08,24.151384950876235
LAT-8.75_LON119.25,-8.75,119.25,2020,8,2020-08,
LAT-8.25_LON115.75,-8.25,115.75,2020,8,2020-08,
LAT-8.25_LON116.25,-8.25,116.25,2020,8,2020-08,
LAT-8.25_LON116.75,-8.25,116.75,2020,8,2020-08,
LAT-8.25_LON117.25,-8.25,117.25,2020,8,2020-08,
LAT-8.25_LON117.75,-8.25,117.75,2020,8,2020-08,19.566919806580405
LAT-8.25_LON118.25,-8.25,118.25,2020,8,2020-08,
LAT-8.25_LON118.75,-8.25,118.75,2020,8,2020-08,
LAT-8.25_LON119.25,-8.25,119.25,2020,8,2020-08,
LAT-7.75_LON115.75,-7.75,115.75,2020,8,2020-08,
LAT-7.75_LON116.25,-7.75,116.25,2020,8,2020-08,
LAT-7.75_LON116.75,-7.75,116.75,2020,8,2020-08,
LAT-7.75_LON117.25,-7.75,117.25,2020,8,2020-08,
LAT-7.75_LON117.75,-7.75,117.75,2020,8,2020-08,
LAT-7.75_LON118.25,-7.75,118.25,2020,8,2020-08,
LAT-7.75_LON118.75,-7.75,118.75,2020,8,2020-08,
LAT-7.75_LON119.25,-7.75,119.25,2020,8,2020-08,
LAT-9.25_LON115.75,-9.25,115.75,2020,9,2020-09,
LAT-9.25_LON116.25,-9.25,116.25,2020,9,2020-09,
LAT-9.25_LON116.75,-9.25,116.75,2020,9,2020-09,
LAT-9.25_LON117.25,-9.25,117.25,2020,9,2020-09,
LAT-9.25_LON117.75,-9.25,117.75,2020,9,2020-09,
LAT-9.25_LON118.25,-9.25,118.25,2020,9,2020-09,
LAT-9.25_LON118.75,-9.25,118.75,2020,9,2020-09,
LAT-9.25_LON119.25,-9.25,119.25,2020,9,2020-09,
LAT-8.75_LON115.75,-8.75,115.75,2020,9,2020-09,
LAT-8.75_LON116.25,-8.75,116.25,2020,9,2020-09,22.62144430180391
LAT-8.75_LON116.75,-8.75,116.75,2020,9,2020-09,
LAT-8.75_LON117.25,-8.75,117.25,2020,9,2020-09,19.43166113901139
LAT-8.75_LON117.75,-8.75,117.75,2020,9,2020-09,
LAT-8.75_LON118.25,-8.75,118.25,2020,9,2020-09,
LAT-8.75_LON118.75,-8.75,118.75,2020,9,2020-09,22.591933289845777
LAT-8.75_LON119.25,-8.75,119.25,2020,9,2020-09,
LAT-8.25_LON115.75,-8.25,115.75,2020,9,2020-09,
LAT-8.25_LON116.25,-8.25,116.25,2020,9,2020-09,
LAT-8.25_LON116.75,-8.25,116.75,2020,9,2020-09,
LAT-8.25_LON117.25,-8.25,117.25,2020,9,2020-09,
LAT-8.25_LON117.75,-8.25,117.75,2020,9,2020-09,15.660614581743866
LAT-8.25_LON118.25,-8.25,118.25,2020,9,2020-09,
LAT-8.25_LON118.75,-8.25,118.75,2020,9,2020-09,
LAT-8.25_LON119.25,-8.25,119.25,2020,9,2020-09,
LAT-7.75_LON115.75,-7.75,115.75,2020,9,2020-09,
LAT-7.75_LON116.25,-7.75,116.25,2020,9,2020-09,
LAT-7.75_LON116.75,-7.75,116.75,2020,9,2020-09,
LAT-7.75_LON117.25,-7.75,117.25,2020,9,2020-09,
LAT-7.75_LON117.75,-7.75,117.75,2020,9,2020-09,
LAT-7.75_LON118.25,-7.75,118.25,2020,9,2020-09,
LAT-7.75_LON118.75,-7.75,118.75,2020,9,2020-09,
LAT-7.75_LON119.25,-7.75,119.25,2020,9,2020-09,
LAT-9.25_LON115.75,-9.25,115.75,2020,10,2020-10,
LAT-9.25_LON116.25,-9.25,116.25,2020,10,2020-10,
LAT-9.25_LON116.75,-9.25,116.75,2020,10,2020-10,
LAT-9.25_LON117.25,-9.25,117.25,2020,10,2020-10,
LAT-9.25_LON117.75,-9.25,117.75,2020,10,2020-10,
LAT-9.25_LON118.25,-9.25,118.25,2020,10,2020-10,
LAT-9.25_LON118.75,-9.25,118.75,2020,10,2020-10,
LAT-9.25_LON119.25,-9.25,119.25,2020,10,2020-10,
LAT-8.75_LON115.75,-8.75,115.75,2020,10,2020-10,
LAT-8.75_LON116.25,-8.75,116.25,2020,10,2020-10,22.011073184051817
LAT-8.75_LON116.75,-8.75,116.75,2020,10,2020-10,
LAT-8.75_LON117.25,-8.75,117.25,2020,10,2020-10,18.144828020911064
LAT-8.75_LON117.75,-8.75,117.75,2020,10,2020-10,
LAT-8.75_LON118.25,-8.75,118.25,2020,10,2020-10,
LAT-8.75_LON118.75,-8.75,118.75,2020,10,2020-10,22.092972301744634
LAT-8.75_LON119.25,-8.75,119.25,2020,10,2020-10,
LAT-8.25_LON115.75,-8.25,115.75,2020,10,2020-10,
LAT-8.25_LON116.25,-8.25,116.25,2020,10,2020-10,
LAT-8.25_LON116.75,-8.25,116.75,2020,10,2020-10,
LAT-8.25_LON117.25,-8.25,117.25,2020,10,2020-10,
LAT-8.25_LON117.75,-8.25,117.75,2020,10,2020-10,13.796855319353844
LAT-8.25_LON118.25,-8.25,118.25,2020,10,2020-10,
LAT-8.25_LON118.75,-8.25,118.75,2020,10,2020-10,
LAT-8.25_LON119.25,-8.25,119.25,2020,10,2020-10,
LAT-7.75_LON115.75,-7.75,115.75,2020,10,2020-10,
LAT-7.75_LON116.25,-7.75,116.25,2020,10,2020-10,
LAT-7.75_LON116.75,-7.75,116.75,2020,10,2020-10,
LAT-7.75_LON117.25,-7.75,117.25,2020,10,2020-10,
LAT-7.75_LON117.75,-7.75,117.75,2020,10,2020-10,
LAT-7.75_LON118.25,-7.75,118.25,2020,10,2020-10,
LAT-7.75_LON118.75,-7.75,118.75,2020,10,2020-10,
LAT-7.75_LON119.25,-7.75,119.25,2020,10,2020-10,
LAT-9.25_LON115.75,-9.25,115.75,2020,11,2020-11,
LAT-9.25_LON116.25,-9.25,116.25,2020,11,2020-11,
LAT-9.25_LON116.75,-9.25,116.75,2020,11,2020-11,
LAT-9.25_LON117.25,-9.25,117.25,2020,11,2020-11,
LAT-9.25_LON117.75,-9.25,117.75,2020,11,2020-11,
LAT-9.25_LON118.25,-9.25,118.25,2020,11,2020-11,
LAT-9.25_LON118.75,-9.25,118.75,2020,11,2020-11,
LAT-9.25_LON119.25,-9.25,119.25,2020,11,2020-11,
LAT-8.75_LON115.75,-8.75,115.75,2020,11,2020-11,
LAT-8.75_LON116.25,-8.75,116.25,2020,11,2020-11,22.788539401769643
LAT-8.75_LON116.75,-8.75,116.75,2020,11,2020-11,
LAT-8.75_LON117.25,-8.75,117.25,2020,11,2020-11,18.476093525568658
LAT-8.75_LON117.75,-8.75,117.75,2020,11,2020-11,
LAT-8.75_LON118.25,-8.75,118.25,2020,11,2020-11,
LAT-8.75_LON118.75,-8.75,118.75,2020,11,2020-11,22.47487016181149
LAT-8.75_LON119.25,-8.75,119.25,2020,11,2020-11,
LAT-8.25_LON115.75,-8.25,115.75,2020,11,2020-11,
LAT-8.25_LON116.25,-8.25,116.25,2020,11,2020-11,
LAT-8.25_LON116.75,-8.25,116.75,2020,11,2020-11,
LAT-8.25_LON117.25,-8.25,117.25,2020,11,2020-11,
LAT-8.25_LON117.75,-8.25,117.75,2020,11,2020-11,13.700707957506179
LAT-8.25_LON118.25,-8.25,118.25,2020,11,2020-11,
LAT-8.25_LON118.75,-8.25,118.75,2020,11,2020-11,
LAT-8.25_LON119.25,-8.25,119.25,2020,11,2020-11,
LAT-7.75_LON115.75,-7.75,115.75,2020,11,2020-11,
LAT-7.75_LON116.25,-7.75,116.25,2020,11,2020-11,
LAT-7.75_LON116.75,-7.75,116.75,2020,11,2020-11,
LAT-7.75_LON117.25,-7.75,117.25,2020,11,2020-11,
LAT-7.75_LON117.75,-7.75,117.75,2020,11,2020-11,
LAT-7.75_LON118.25,-7.75,118.25,2020,11,2020-11,
LAT-7.75_LON118.75,-7.75,118.75,2020,11,2020-11,
LAT-7.75_LON119.25,-7.75,119.25,2020,11,2020-11,
LAT-9.25_LON115.75,-9.25,115.75,2020,12,2020-12,
LAT-9.25_LON116.25,-9.25,116.25,2020,12,2020-12,
LAT-9.25_LON116.75,-9.25,116.75,2020,12,2020-12,
LAT-9.25_LON117.25,-9.25,117.25,2020,12,2020-12,
LAT-9.25_LON117.75,-9.25,117.75,2020,12,2020-12,
LAT-9.25_LON118.25,-9.25,118.25,2020,12,2020-12,
LAT-9.25_LON118.75,-9.25,118.75,2020,12,2020-12,
LAT-9.25_LON119.25,-9.25,119.25,2020,12,2020-12,
LAT-8.75_LON115.75,-8.75,115.75,2020,12,2020-12,
LAT-8.75_LON116.25,-8.75,116.25,2020,12,2020-12,32.648998641737045
LAT-8.75_LON116.75,-8.75,116.75,2020,12,2020-12,
LAT-8.75_LON117.25,-8.75,117.25,2020,12,2020-12,26.352749183947033
LAT-8.75_LON117.75,-8.75,117.75,2020,12,2020-12,
LAT-8.75_LON118.25,-8.75,118.25,2020,12,2020-12,
LAT-8.75_LON118.75,-8.75,118.75,2020,12,2020-12,29.59880682506869
LAT-8.75_LON119.25,-8.75,119.25,2020,12,2020-12,
LAT-8.25_LON115.75,-8.25,115.75,2020,12,2020-12,
LAT-8.25_LON116.25,-8.25,116.25,2020,12,2020-12,
LAT-8.25_LON116.75,-8.25,116.75,2020,12,2020-12,
LAT-8.25_LON117.25,-8.25,117.25,2020,12,2020-12,
LAT-8.25_LON117.75,-8.25,117.75,2020,12,2020-12,21.99489501822379
LAT-8.25_LON118.25,-8.25,118.25,2020,12,2020-12,
LAT-8.25_LON118.75,-8.25,118.75,2020,12,2020-12,
LAT-8.25_LON119.25,-8.25,119.25,2020,12,2020-12,
LAT-7.75_LON115.75,-7.75,115.75,2020,12,2020-12,
LAT-7.75_LON116.25,-7.75,116.25,2020,12,2020-12,
LAT-7.75_LON116.75,-7.75,116.75,2020,12,2020-12,
LAT-7.75_LON117.25,-7.75,117.25,2020,12,2020-12,
LAT-7.75_LON117.75,-7.75,117.75,2020,12,2020-12,
LAT-7.75_LON118.25,-7.75,118.25,2020,12,2020-12,
LAT-7.75_LON118.75,-7.75,118.75,2020,12,2020-12,
LAT-7.75_LON119.25,-7.75,119.25,2020,12,2020-12,
LAT-9.25_LON115.75,-9.25,115.75,2021,1,2021-01,
LAT-9.25_LON116.25,-9.25,116.25,2021,1,2021-01,
LAT-9.25_LON116.75,-9.25,116.75,2021,1,2021-01,
LAT-9.25_LON117.25,-9.25,117.25,2021,1,2021-01,
LAT-9.25_LON117.75,-9.25,117.75,2021,1,2021-01,
LAT-9.25_LON118.25,-9.25,118.25,2021,1,2021-01,
LAT-9.25_LON118.75,-9.25,118.75,2021,1,2021-01,
LAT-9.25_LON119.25,-9.25,119.25,2021,1,2021-01,
LAT-8.75_LON115.75,-8.75,115.75,2021,1,2021-01,
LAT-8.75_LON116.25,-8.75,116.25,2021,1,2021-01,40.41543433127866
LAT-8.75_LON116.75,-8.75,116.75,2021,1,2021-01,
LAT-8.75_LON117.25,-8.75,117.25,2021,1,2021-01,35.795759516223804
LAT-8.75_LON117.75,-8.75,117.75,2021,1,2021-01,
LAT-8.75_LON118.25,-8.75,118.25,2021,1,2021-01,
LAT-8.75_LON118.75,-8.75,118.75,2021,1,2021-01,37.01293882308467
LAT-8.75_LON119.25,-8.75,119.25,2021,1,2021-01,
LAT-8.25_LON115.75,-8.25,115.75,2021,1,2021-01,
LAT-8.25_LON116.25,-8.25,116.25,2021,1,2021-01,
LAT-8.25_LON116.75,-8.25,116.75,2021,1,2021-01,
LAT-8.25_LON117.25,-8.25,117.25,2021,1,2021-01,
LAT-8.25_LON117.75,-8.25,117.75,2021,1,2021-01,32.33723257372455
LAT-8.25_LON118.25,-8.25,118.25,2021,1,2021-01,
LAT-8.25_LON118.75,-8.25,118.75,2021,1,2021-01,
LAT-8.25_LON119.25,-8.25,119.25,2021,1,2021-01,
LAT-7.75_LON115.75,-7.75,115.75,2021,1,2021-01,
LAT-7.75_LON116.25,-7.75,116.25,2021,1,2021-01,
LAT-7.75_LON116.75,-7.75,116.75,2021,1,2021-01,
LAT-7.75_LON117.25,-7.75,117.25,2021,1,2021-01,
LAT-7.75_LON117.75,-7.75,117.75,2021,1,2021-01,
LAT-7.75_LON118.25,-7.75,118.25,2021,1,2021-01,
LAT-7.75_LON118.75,-7.75,118.75,2021,1,2021-01,
LAT-7.75_LON119.25,-7.75,119.25,2021,1,2021-01,
LAT-9.25_LON115.75,-9.25,115.75,2021,2,2021-02,
LAT-9.25_LON116.25,-9.25,116.25,2021,2,2021-02,
LAT-9.25_LON116.75,-9.25,116.75,2021,2,2021-02,
LAT-9.25_LON117.25,-9.25,117.25,2021,2,2021-02,
LAT-9.25_LON117.75,-9.25,117.75,2021,2,2021-02,
LAT-9.25_LON118.25,-9.25,118.25,2021,2,2021-02,
LAT-9.25_LON118.75,-9.25,118.75,2021,2,2021-02,
LAT-9.25_LON119.25,-9.25,119.25,2021,2,2021-02,
LAT-8.75_LON115.75,-8.75,115.75,2021,2,2021-02,
LAT-8.75_LON116.25,-8.75,116.25,2021,2,2021-02,45.205376921551554
LAT-8.75_LON116.75,-8.75,116.75,2021,2,2021-02,
LAT-8.75_LON117.25,-8.75,117.25,2021,2,2021-02,46.0971132452999
LAT-8.75_LON117.75,-8.75,117.75,2021,2,2021-02,
LAT-8.75_LON118.25,-8.75,118.25,2021,2,2021-02,
LAT-8.75_LON118.75,-8.75,118.75,2021,2,2021-02,44.37312899189335
LAT-8.75_LON119.25,-8.75,119.25,2021,2,2021-02,
LAT-8.25_LON115.75,-8.25,115.75,2021,2,2021-02,
LAT-8.25_LON116.25,-8.25,116.25,2021,2,2021-02,
LAT-8.25_LON116.75,-8.25,116.75,2021,2,2021-02,
LAT-8.25_LON117.25,-8.25,117.25,2021,2,2021-02,
LAT-8.25_LON117.75,-8.25,117.75,2021,2,2021-02,44.974223534039076
LAT-8.25_LON118.25,-8.25,118.25,2021,2,2021-02,
LAT-8.25_LON118.75,-8.25,118.75,2021,2,2021-02,
LAT-8.25_LON119.25,-8.25,119.25,2021,2,2021-02,
LAT-7.75_LON115.75,-7.75,115.75,2021,2,2021-02,
LAT-7.75_LON116.25,-7.75,116.25,2021,2,2021-02,
LAT-7.75_LON116.75,-7.75,116.75,2021,2,2021-02,
LAT-7.75_LON117.25,-7.75,117.25,2021,2,2021-02,
LAT-7.75_LON117.75,-7.75,117.75,2021,2,2021-02,
LAT-7.75_LON118.25,-7.75,118.25,2021,2,2021-02,
LAT-7.75_LON118.75,-7.75,118.75,2021,2,2021-02,
LAT-7.75_LON119.25,-7.75,119.25,2021,2,2021-02,
LAT-9.25_LON115.75,-9.25,115.75,2021,3,2021-03,
LAT-9.25_LON116.25,-9.25,116.25,2021,3,2021-03,
LAT-9.25_LON116.75,-9.25,116.75,2021,3,2021-03,
LAT-9.25_LON117.25,-9.25,117.25,2021,3,2021-03,
LAT-9.25_LON117.75,-9.25,117.75,2021,3,2021-03,
LAT-9.25_LON118.25,-9.25,118.25,2021,3,2021-03,
LAT-9.25_LON118.75,-9.25,118.75,2021,3,2021-03,
LAT-9.25_LON119.25,-9.25,119.25,2021,3,2021-03,
LAT-8.75_LON115.75,-8.75,115.75,2021,3,2021-03,
LAT-8.75_LON116.25,-8.75,116.25,2021,3,2021-03,41.82712652191038
LAT-8.75_LON116.75,-8.75,116.75,2021,3,2021-03,
LAT-8.75_LON117.25,-8.75,117.25,2021,3,2021-03,44.27497762103237
LAT-8.75_LON117.75,-8.75,117.75,2021,3,2021-03,
LAT-8.75_LON118.25,-8.75,118.25,2021,3,2021-03,
LAT-8.75_LON118.75,-8.75,118.75,2021,3,2021-03,42.31785232897725
LAT-8.75_LON119.25,-8.75,119.25,2021,3,2021-03,
LAT-8.25_LON115.75,-8.25,115.75,2021,3,2021-03,
LAT-8.25_LON116.25,-8.25,116.25,2021,3,2021-03,
LAT-8.25_LON116.75,-8.25,116.75,2021,3,2021-03,
LAT-8.25_LON117.25,-8.25,117.25,2021,3,2021-03,
LAT-8.25_LON117.75,-8.25,117.75,2021,3,2021-03,42.853449670191765
LAT-8.25_LON118.25,-8.25,118.25,2021,3,2021-03,
LAT-8.25_LON118.75,-8.25,118.75,2021,3,2021-03,
LAT-8.25_LON119.25,-8.25,119.25,2021,3,2021-03,
LAT-7.75_LON115.75,-7.75,115.75,2021,3,2021-03,
LAT-7.75_LON116.25,-7.75,116.25,2021,3,2021-03,
LAT-7.75_LON116.75,-7.75,116.75,2021,3,2021-03,
LAT-7.75_LON117.25,-7.75,117.25,2021,3,2021-03,
LAT-7.75_LON117.75,-7.75,117.75,2021,3,2021-03,
LAT-7.75_LON118.25,-7.75,118.25,2021,3,2021-03,
LAT-7.75_LON118.75,-7.75,118.75,2021,3,2021-03,
LAT-7.75_LON119.25,-7.75,119.25,2021,3,2021-03,
LAT-9.25_LON115.75,-9.25,115.75,2021,4,2021-04,
LAT-9.25_LON116.25,-9.25,116.25,2021,4,2021-04,
LAT-9.25_LON116.75,-9.25,116.75,2021,4,2021-04,
LAT-9.25_LON117.25,-9.25,117.25,2021,4,2021-04,
LAT-9.25_LON117.75,-9.25,117.75,2021,4,2021-04,
LAT-9.25_LON118.25,-9.25,118.25,2021,4,2021-04,
LAT-9.25_LON118.75,-9.25,118.75,2021,4,2021-04,
LAT-9.25_LON119.25,-9.25,119.25,2021,4,2021-04,
LAT-8.75_LON115.75,-8.75,115.75,2021,4,2021-04,
LAT-8.75_LON116.25,-8.75,116.25,2021,4,2021-04,41.15153732029598
LAT-8.75_LON116.75,-8.75,116.75,2021,4,2021-04,
LAT-8.75_LON117.25,-8.75,117.25,2021,4,2021-04,43.23748567136133
LAT-8.75_LON117.75,-8.75,117.75,2021,4,2021-04,
LAT-8.75_LON118.25,-8.75,118.25,2021,4,2021-04,
LAT-8.75_LON118.75,-8.75,118.75,2021,4,2021-04,42.32482899196943
LAT-8.75_LON119.25,-8.75,119.25,2021,4,2021-04,
LAT-8.25_LON115.75,-8.25,115.75,2021,4,2021-04,
LAT-8.25_LON116.25,-8.25,116.25,2021,4,2021-04,
LAT-8.25_LON116.75,-8.25,116.75,2021,4,2021-04,
LAT-8.25_LON117.25,-8.25,117.25,2021,4,2021-04,
LAT-8.25_LON117.75,-8.25,117.75,2021,4,2021-04,42.29555038960773
LAT-8.25_LON118.25,-8.25,118.25,2021,4,2021-04,
LAT-8.25_LON118.75,-8.25,118.75,2021,4,2021-04,
LAT-8.25_LON119.25,-8.25,119.25,2021,4,2021-04,
LAT-7.75_LON115.75,-7.75,115.75,2021,4,2021-04,
LAT-7.75_LON116.25,-7.75,116.25,2021,4,2021-04,
LAT-7.75_LON116.75,-7.75,116.75,2021,4,2021-04,
LAT-7.75_LON117.25,-7.75,117.25,2021,4,2021-04,
LAT-7.75_LON117.75,-7.75,117.75,2021,4,2021-04,
LAT-7.75_LON118.25,-7.75,118.25,2021,4,2021-04,
LAT-7.75_LON118.75,-7.75,118.75,2021,4,2021-04,
LAT-7.75_LON119.25,-7.75,119.25,2021,4,2021-04,
LAT-9.25_LON115.75,-9.25,115.75,2021,5,2021-05,
LAT-9.25_LON116.25,-9.25,116.25,2021,5,2021-05,
LAT-9.25_LON116.75,-9.25,116.75,2021,5,2021-05,
LAT-9.25_LON117.25,-9.25,117.25,2021,5,2021-05,
LAT-9.25_LON117.75,-9.25,117.75,2021,5,2021-05,
LAT-9.25_LON118.25,-9.25,118.25,2021,5,2021-05,
LAT-9.25_LON118.75,-9.25,118.75,2021,5,2021-05,
LAT-9.25_LON119.25,-9.25,119.25,2021,5,2021-05,
LAT-8.75_LON115.75,-8.75,115.75,2021,5,2021-05,
LAT-8.75_LON116.25,-8.75,116.25,2021,5,2021-05,32.91830321957988
LAT-8.75_LON116.75,-8.75,116.75,2021,5,2021-05,
LAT-8.75_LON117.25,-8.75,117.25,2021,5,2021-05,34.3205314690836
LAT-8.75_LON117.75,-8.75,117.75,2021,5,2021-05,
LAT-8.75_LON118.25,-8.75,118.25,2021,5,2021-05,
LAT-8.75_LON118.75,-8.75,118.75,2021,5,2021-05,33.905803575208104
LAT-8.75_LON119.25,-8.75,119.25,2021,5,2021-05,
LAT-8.25_LON115.75,-8.25,115.75,2021,5,2021-05,
LAT-8.25_LON116.25,-8.25,116.25,2021,5,2021-05,
LAT-8.25_LON116.75,-8.25,116.75,2021,5,2021-05,
LAT-8.25_LON117.25,-8.25,117.25,2021,5,2021-05,
LAT-8.25_LON117.75,-8.25,117.75,2021,5,2021-05,33.00333147671915
LAT-8.25_LON118.25,-8.25,118.25,2021,5,2021-05,
LAT-8.25_LON118.75,-8.25,118.75,2021,5,2021-05,
LAT-8.25_LON119.25,-8.25,119.25,2021,5,2021-05,
LAT-7.75_LON115.75,-7.75,115.75,2021,5,2021-05,
LAT-7.75_LON116.25,-7.75,116.25,2021,5,2021-05,
LAT-7.75_LON116.75,-7.75,116.75,2021,5,2021-05,
LAT-7.75_LON117.25,-7.75,117.25,2021,5,2021-05,
LAT-7.75_LON117.75,-7.75,117.75,2021,5,2021-05,
LAT-7.75_LON118.25,-7.75,118.25,2021,5,2021-05,
LAT-7.75_LON118.75,-7.75,118.75,2021,5,2021-05,
LAT-7.75_LON119.25,-7.75,119.25,2021,5,2021-05,
LAT-9.25_LON115.75,-9.25,115.75,2021,6,2021-06,
LAT-9.25_LON116.25,-9.25,116.25,2021,6,2021-06,
LAT-9.25_LON116.75,-9.25,116.75,2021,6,2021-06,
LAT-9.25_LON117.25,-9.25,117.25,2021,6,2021-06,
LAT-9.25_LON117.75,-9.25,117.75,2021,6,2021-06,
LAT-9.25_LON118.25,-9.25,118.25,2021,6,2021-06,
LAT-9.25_LON118.75,-9.25,118.75,2021,6,2021-06,
LAT-9.25_LON119.25,-9.25,119.25,2021,6,2021-06,
LAT-8.75_LON115.75,-8.75,115.75,2021,6,2021-06,
LAT-8.75_LON116.25,-8.75,116.25,2021,6,2021-06,28.506770311196654
LAT-8.75_LON116.75,-8.75,116.75,2021,6,2021-06,
LAT-8.75_LON117.25,-8.75,117.25,2021,6,2021-06,28.512716577847833
LAT-8.75_LON117.75,-8.75,117.75,2021,6,2021-06,
LAT-8.75_LON118.25,-8.75,118.25,2021,6,2021-06,
LAT-8.75_LON118.75,-8.75,118.75,2021,6,2021-06,29.281384579022724
LAT-8.75_LON119.25,-8.75,119.25,2021,6,2021-06,
LAT-8.25_LON115.75,-8.25,115.75,2021,6,2021-06,
LAT-8.25_LON116.25,-8.25,116.25,2021,6,2021-06,
LAT-8.25_LON116.75,-8.25,116.75,2021,6,2021-06,
LAT-8.25_LON117.25,-8.25,117.25,2021,6,2021-06,
LAT-8.25_LON117.75,-8.25,117.75,2021,6,2021-06,27.042878386418014
LAT-8.25_LON118.25,-8.25,118.25,2021,6,2021-06,
LAT-8.25_LON118.75,-8.25,118.75,2021,6,2021-06,
LAT-8.25_LON119.25,-8.25,119.25,2021,6,2021-06,
LAT-7.75_LON115.75,-7.75,115.75,2021,6,2021-06,
LAT-7.75_LON116.25,-7.75,116.25,2021,6,2021-06,
LAT-7.75_LON116.75,-7.75,116.75,2021,6,2021-06,
LAT-7.75_LON117.25,-7.75,117.25,2021,6,2021-06,
LAT-7.75_LON117.75,-7.75,117.75,2021,6,2021-06,
LAT-7.75_LON118.25,-7.75,118.25,2021,6,2021-06,
LAT-7.75_LON118.75,-7.75,118.75,2021,6,2021-06,
LAT-7.75_LON119.25,-7.75,119.25,2021,6,2021-06,
LAT-9.25_LON115.75,-9.25,115.75,2021,7,2021-07,
LAT-9.25_LON116.25,-9.25,116.25,2021,7,2021-07,
LAT-9.25_LON116.75,-9.25,116.75,2021,7,2021-07,
LAT-9.25_LON117.25,-9.25,117.25,2021,7,2021-07,
LAT-9.25_LON117.75,-9.25,117.75,2021,7,2021-07,
LAT-9.25_LON118.25,-9.25,118.25,2021,7,2021-07,
LAT-9.25_LON118.75,-9.25,118.75,2021,7,2021-07,
LAT-9.25_LON119.25,-9.25,119.25,2021,7,2021-07,
LAT-8.75_LON115.75,-8.75,115.75,2021,7,2021-07,
LAT-8.75_LON116.25,-8.75,116.25,2021,7,2021-07,27.775008106577793
LAT-8.75_LON116.75,-8.75,116.75,2021,7,2021-07,
LAT-8.75_LON117.25,-8.75,117.25,2021,7,2021-07,25.598654966354374
LAT-8.75_LON117.75,-8.75,117.75,2021,7,2021-07,
LAT-8.75_LON118.25,-8.75,118.25,2021,7,2021-07,
LAT-8.75_LON118.75,-8.75,118.75,2021,7,2021-07,26.95337006707345
LAT-8.75_LON119.25,-8.75,119.25,2021,7,2021-07,
LAT-8.25_LON115.75,-8.25,115.75,2021,7,2021-07,
LAT-8.25_LON116.25,-8.25,116.25,2021,7,2021-07,
LAT-8.25_LON116.75,-8.25,116.75,2021,7,2021-07,
LAT-8.25_LON117.25,-8.25,117.25,2021,7,2021-07,
LAT-8.25_LON117.75,-8.25,117.75,2021,7,2021-07,23.671956593644264
LAT-8.25_LON118.25,-8.25,118.25,2021,7,2021-07,
LAT-8.25_LON118.75,-8.25,118.75,2021,7,2021-07,
LAT-8.25_LON119.25,-8.25,119.25,2021,7,2021-07,
LAT-7.75_LON115.75,-7.75,115.75,2021,7,2021-07,
LAT-7.75_LON116.25,-7.75,116.25,2021,7,2021-07,
LAT-7.75_LON116.75,-7.75,116.75,2021,7,2021-07,
LAT-7.75_LON117.25,-7.75,117.25,2021,7,2021-07,
LAT-7.75_LON117.75,-7.75,117.75,2021,7,2021-07,
LAT-7.75_LON118.25,-7.75,118.25,2021,7,2021-07,
LAT-7.75_LON118.75,-7.75,118.75,2021,7,2021-07,
LAT-7.75_LON119.25,-7.75,119.25,2021,7,2021-07,
LAT-9.25_LON115.75,-9.25,115.75,2021,8,2021-08,
LAT-9.25_LON116.25,-9.25,116.25,2021,8,2021-08,
LAT-9.25_LON116.75,-9.25,116.75,2021,8,2021-08,
LAT-9.25_LON117.25,-9.25,117.25,2021,8,2021-08,
LAT-9.25_LON117.75,-9.25,117.75,2021,8,2021-08,
LAT-9.25_LON118.25,-9.25,118.25,2021,8,2021-08,
LAT-9.25_LON118.75,-9.25,118.75,2021,8,2021-08,
LAT-9.25_LON119.25,-9.25,119.25,2021,8,2021-08,
LAT-8.75_LON115.75,-8.75,115.75,2021,8,2021-08,
LAT-8.75_LON116.25,-8.75,116.25,2021,8,2021-08,24.62003131820311
LAT-8.75_LON116.75,-8.75,116.75,2021,8,2021-08,
LAT-8.75_LON117.25,-8.75,117.25,2021,8,2021-08,22.11749175114015
LAT-8.75_LON117.75,-8.75,117.75,2021,8,2021-08,
LAT-8.75_LON118.25,-8.75,118.25,2021,8,2021-08,
LAT-8.75_LON118.75,-8.75,118.75,2021,8,2021-08,24.734647732973084
LAT-8.75_LON119.25,-8.75,119.25,2021,8,2021-08,
LAT-8.25_LON115.75,-8.25,115.75,2021,8,2021-08,
LAT-8.25_LON116.25,-8.25,116.25,2021,8,2021-08,
LAT-8.25_LON116.75,-8.25,116.75,2021,8,2021-08,
LAT-8.25_LON117.25,-8.25,117.25,2021,8,2021-08,
LAT-8.25_LON117.75,-8.25,117.75,2021,8,2021-08,19.550272789078374
LAT-8.25_LON118.25,-8.25,118.25,2021,8,2021-08,
LAT-8.25_LON118.75,-8.25,118.75,2021,8,2021-08,
LAT-8.25_LON119.25,-8.25,119.25,2021,8,2021-08,
LAT-7.75_LON115.75,-7.75,115.75,2021,8,2021-08,
LAT-7.75_LON116.25,-7.75,116.25,2021,8,2021-08,
LAT-7.75_LON116.75,-7.75,116.75,2021,8,2021-08,
LAT-7.75_LON117.25,-7.75,117.25,2021,8,2021-08,
LAT-7.75_LON117.75,-7.75,117.75,2021,8,2021-08,
LAT-7.75_LON118.25,-7.75,118.25,2021,8,2021-08,
LAT-7.75_LON118.75,-7.75,118.75,2021,8,2021-08,
LAT-7.75_LON119.25,-7.75,119.25,2021,8,2021-08,
LAT-9.25_LON115.75,-9.25,115.75,2021,9,2021-09,
LAT-9.25_LON116.25,-9.25,116.25,2021,9,2021-09,
LAT-9.25_LON116.75,-9.25,116.75,2021,9,2021-09,
LAT-9.25_LON117.25,-9.25,117.25,2021,9,2021-09,
LAT-9.25_LON117.75,-9.25,117.75,2021,9,2021-09,
LAT-9.25_LON118.25,-9.25,118.25,2021,9,2021-09,
LAT-9.25_LON118.75,-9.25,118.75,2021,9,2021-09,
LAT-9.25_LON119.25,-9.25,119.25,2021,9,2021-09,
LAT-8.75_LON115.75,-8.75,115.75,2021,9,2021-09,
LAT-8.75_LON116.25,-8.75,116.25,2021,9,2021-09,23.030698776761692
LAT-8.75_LON116.75,-8.75,116.75,2021,9,2021-09,
LAT-8.75_LON117.25,-8.75,117.25,2021,9,2021-09,19.94102668682733
LAT-8.75_LON117.75,-8.75,117.75,2021,9,2021-09,
LAT-8.75_LON118.25,-8.75,118.25,2021,9,2021-09,
LAT-8.75_LON118.75,-8.75,118.75,2021,9,2021-09,23.875607833226532
LAT-8.75_LON119.25,-8.75,119.25,2021,9,2021-09,
LAT-8.25_LON115.75,-8.25,115.75,2021,9,2021-09,
LAT-8.25_LON116.25,-8.25,116.25,2021,9,2021-09,
LAT-8.25_LON116.75,-8.25,116.75,2021,9,2021-09,
LAT-8.25_LON117.25,-8.25,117.25,2021,9,2021-09,
LAT-8.25_LON117.75,-8.25,117.75,2021,9,2021-09,17.343231670022014
LAT-8.25_LON118.25,-8.25,118.25,2021,9,2021-09,
LAT-8.25_LON118.75,-8.25,118.75,2021,9,2021-09,
LAT-8.25_LON119.25,-8.25,119.25,2021,9,2021-09,
LAT-7.75_LON115.75,-7.75,115.75,2021,9,2021-09,
LAT-7.75_LON116.25,-7.75,116.25,2021,9,2021-09,
LAT-7.75_LON116.75,-7.75,116.75,2021,9,2021-09,
LAT-7.75_LON117.25,-7.75,117.25,2021,9,2021-09,
LAT-7.75_LON117.75,-7.75,117.75,2021,9,2021-09,
LAT-7.75_LON118.25,-7.75,118.25,2021,9,2021-09,
LAT-7.75_LON118.75,-7.75,118.75,2021,9,2021-09,
LAT-7.75_LON119.25,-7.75,119.25,2021,9,2021-09,
LAT-9.25_LON115.75,-9.25,115.75,2021,10,2021-10,
LAT-9.25_LON116.25,-9.25,116.25,2021,10,2021-10,
LAT-9.25_LON116.75,-9.25,116.75,2021,10,2021-10,
LAT-9.25_LON117.25,-9.25,117.25,2021,10,2021-10,
LAT-9.25_LON117.75,-9.25,117.75,2021,10,2021-10,
LAT-9.25_LON118.25,-9.25,118.25,2021,10,2021-10,
LAT-9.25_LON118.75,-9.25,118.75,2021,10,2021-10,
LAT-9.25_LON119.25,-9.25,119.25,2021,10,2021-10,
LAT-8.75_LON115.75,-8.75,115.75,2021,10,2021-10,
LAT-8.75_LON116.25,-8.75,116.25,2021,10,2021-10,22.46623398592395
LAT-8.75_LON116.75,-8.75,116.75,2021,10,2021-10,
LAT-8.75_LON117.25,-8.75,117.25,2021,10,2021-10,18.983075404551727
LAT-8.75_LON117.75,-8.75,117.75,2021,10,2021-10,
LAT-8.75_LON118.25,-8.75,118.25,2021,10,2021-10,
LAT-8.75_LON118.75,-8.75,118.75,2021,10,2021-10,23.228463611218263
LAT-8.75_LON119.25,-8.75,119.25,2021,10,2021-10,
LAT-8.25_LON115.75,-8.25,115.75,2021,10,2021-10,
LAT-8.25_LON116.25,-8.25,116.25,2021,10,2021-10,
LAT-8.25_LON116.75,-8.25,116.75,2021,10,2021-10,
LAT-8.25_LON117.25,-8.25,117.25,2021,10,2021-10,
LAT-8.25_LON117.75,-8.25,117.75,2021,10,2021-10,15.941935968206778
LAT-8.25_LON118.25,-8.25,118.25,2021,10,2021-10,
LAT-8.25_LON118.75,-8.25,118.75,2021,10,2021-10,
LAT-8.25_LON119.25,-8.25,119.25,2021,10,2021-10,
LAT-7.75_LON115.75,-7.75,115.75,2021,10,2021-10,
LAT-7.75_LON116.25,-7.75,116.25,2021,10,2021-10,
LAT-7.75_LON116.75,-7.75,116.75,2021,10,2021-10,
LAT-7.75_LON117.25,-7.75,117.25,2021,10,2021-10,
LAT-7.75_LON117.75,-7.75,117.75,2021,10,2021-10,
LAT-7.75_LON118.25,-7.75,118.25,2021,10,2021-10,
LAT-7.75_LON118.75,-7.75,118.75,2021,10,2021-10,
LAT-7.75_LON119.25,-7.75,119.25,2021,10,2021-10,
LAT-9.25_LON115.75,-9.25,115.75,2021,11,2021-11,
LAT-9.25_LON116.25,-9.25,116.25,2021,11,2021-11,
LAT-9.25_LON116.75,-9.25,116.75,2021,11,2021-11,
LAT-9.25_LON117.25,-9.25,117.25,2021,11,2021-11,
LAT-9.25_LON117.75,-9.25,117.75,2021,11,2021-11,
LAT-9.25_LON118.25,-9.25,118.25,2021,11,2021-11,
LAT-9.25_LON118.75,-9.25,118.75,2021,11,2021-11,
LAT-9.25_LON119.25,-9.25,119.25,2021,11,2021-11,
LAT-8.75_LON115.75,-8.75,115.75,2021,11,2021-11,
LAT-8.75_LON116.25,-8.75,116.25,2021,11,2021-11,28.57331104286512
LAT-8.75_LON116.75,-8.75,116.75,2021,11,2021-11,
LAT-8.75_LON117.25,-8.75,117.25,2021,11,2021-11,23.483425341208783
LAT-8.75_LON117.75,-8.75,117.75,2021,11,2021-11,
LAT-8.75_LON118.25,-8.75,118.25,2021,11,2021-11,
LAT-8.75_LON118.75,-8.75,118.75,2021,11,2021-11,26.44110131931304
LAT-8.75_LON119.25,-8.75,119.25,2021,11,2021-11,
LAT-8.25_LON115.75,-8.25,115.75,2021,11,2021-11,
LAT-8.25_LON116.25,-8.25,116.25,2021,11,2021-11,
LAT-8.25_LON116.75,-8.25,116.75,2021,11,2021-11,
LAT-8.25_LON117.25,-8.25,117.25,2021,11,2021-11,
LAT-8.25_LON117.75,-8.25,117.75,2021,11,2021-11,20.35685538848241
LAT-8.25_LON118.25,-8.25,118.25,2021,11,2021-11,
LAT-8.25_LON118.75,-8.25,118.75,2021,11,2021-11,
LAT-8.25_LON119.25,-8.25,119.25,2021,11,2021-11,
LAT-7.75_LON115.75,-7.75,115.75,2021,11,2021-11,
LAT-7.75_LON116.25,-7.75,116.25,2021,11,2021-11,
LAT-7.75_LON116.75,-7.75,116.75,2021,11,2021-11,
LAT-7.75_LON117.25,-7.75,117.25,2021,11,2021-11,
LAT-7.75_LON117.75,-7.75,117.75,2021,11,2021-11,
LAT-7.75_LON118.25,-7.75,118.25,2021,11,2021-11,
LAT-7.75_LON118.75,-7.75,118.75,2021,11,2021-11,
LAT-7.75_LON119.25,-7.75,119.25,2021,11,2021-11,
LAT-9.25_LON115.75,-9.25,115.75,2021,12,2021-12,
LAT-9.25_LON116.25,-9.25,116.25,2021,12,2021-12,
LAT-9.25_LON116.75,-9.25,116.75,2021,12,2021-12,
LAT-9.25_LON117.25,-9.25,117.25,2021,12,2021-12,
LAT-9.25_LON117.75,-9.25,117.75,2021,12,2021-12,
LAT-9.25_LON118.25,-9.25,118.25,2021,12,2021-12,
LAT-9.25_LON118.75,-9.25,118.75,2021,12,2021-12,
LAT-9.25_LON119.25,-9.25,119.25,2021,12,2021-12,
LAT-8.75_LON115.75,-8.75,115.75,2021,12,2021-12,
LAT-8.75_LON116.25,-8.75,116.25,2021,12,2021-12,41.795710237718424
LAT-8.75_LON116.75,-8.75,116.75,2021,12,2021-12,
LAT-8.75_LON117.25,-8.75,117.25,2021,12,2021-12,35.39618902037221
LAT-8.75_LON117.75,-8.75,117.75,2021,12,2021-12,
LAT-8.75_LON118.25,-8.75,118.25,2021,12,2021-12,
LAT-8.75_LON118.75,-8.75,118.75,2021,12,2021-12,38.09364997909916
LAT-8.75_LON119.25,-8.75,119.25,2021,12,2021-12,
LAT-8.25_LON115.75,-8.25,115.75,2021,12,2021-12,
LAT-8.25_LON116.25,-8.25,116.25,2021,12,2021-12,
LAT-8.25_LON116.75,-8.25,116.75,2021,12,2021-12,
LAT-8.25_LON117.25,-8.25,117.25,2021,12,2021-12,
LAT-8.25_LON117.75,-8.25,117.75,2021,12,2021-12,34.249455013505894
LAT-8.25_LON118.25,-8.25,118.25,2021,12,2021-12,
LAT-8.25_LON118.75,-8.25,118.75,2021,12,2021-12,
LAT-8.25_LON119.25,-8.25,119.25,2021,12,2021-12,
LAT-7.75_LON115.75,-7.75,115.75,2021,12,2021-12,
LAT-7.75_LON116.25,-7.75,116.25,2021,12,2021-12,
LAT-7.75_LON116.75,-7.75,116.75,2021,12,2021-12,
LAT-7.75_LON117.25,-7.75,117.25,2021,12,2021-12,
LAT-7.75_LON117.75,-7.75,117.75,2021,12,2021-12,
LAT-7.75_LON118.25,-7.75,118.25,2021,12,2021-12,
LAT-7.75_LON118.75,-7.75,118.75,2021,12,2021-12,
LAT-7.75_LON119.25,-7.75,119.25,2021,12,2021-12,
LAT-9.25_LON115.75,-9.25,115.75,2022,1,2022-01,
LAT-9.25_LON116.25,-9.25,116.25,2022,1,2022-01,
LAT-9.25_LON116.75,-9.25,116.75,2022,1,2022-01,
LAT-9.25_LON117.25,-9.25,117.25,2022,1,2022-01,
LAT-9.25_LON117.75,-9.25,117.75,2022,1,2022-01,
LAT-9.25_LON118.25,-9.25,118.25,2022,1,2022-01,
LAT-9.25_LON118.75,-9.25,118.75,2022,1,2022-01,
LAT-9.25_LON119.25,-9.25,119.25,2022,1,2022-01,
LAT-8.75_LON115.75,-8.75,115.75,2022,1,2022-01,
LAT-8.75_LON116.25,-8.75,116.25,2022,1,2022-01,44.02322629428679
LAT-8.75_LON116.75,-8.75,116.75,2022,1,2022-01,
LAT-8.75_LON117.25,-8.75,117.25,2022,1,2022-01,44.96643845212072
LAT-8.75_LON117.75,-8.75,117.75,2022,1,2022-01,
LAT-8.75_LON118.25,-8.75,118.25,2022,1,2022-01,
LAT-8.75_LON118.75,-8.75,118.75,2022,1,2022-01,44.5160284253859
LAT-8.75_LON119.25,-8.75,119.25,2022,1,2022-01,
LAT-8.25_LON115.75,-8.25,115.75,2022,1,2022-01,
LAT-8.25_LON116.25,-8.25,116.25,2022,1,2022-01,
LAT-8.25_LON116.75,-8.25,116.75,2022,1,2022-01,
LAT-8.25_LON117.25,-8.25,117.25,2022,1,2022-01,
LAT-8.25_LON117.75,-8.25,117.75,2022,1,2022-01,44.67901002522442
LAT-8.25_LON118.25,-8.25,118.25,2022,1,2022-01,
LAT-8.25_LON118.75,-8.25,118.75,2022,1,2022-01,
LAT-8.25_LON119.25,-8.25,119.25,2022,1,2022-01,
LAT-7.75_LON115.75,-7.75,115.75,2022,1,2022-01,
LAT-7.75_LON116.25,-7.75,116.25,2022,1,2022-01,
LAT-7.75_LON116.75,-7.75,116.75,2022,1,2022-01,
LAT-7.75_LON117.25,-7.75,117.25,2022,1,2022-01,
LAT-7.75_LON117.75,-7.75,117.75,2022,1,2022-01,
LAT-7.75_LON118.25,-7.75,118.25,2022,1,2022-01,
LAT-7.75_LON118.75,-7.75,118.75,2022,1,2022-01,
LAT-7.75_LON119.25,-7.75,119.25,2022,1,2022-01,
LAT-9.25_LON115.75,-9.25,115.75,2022,2,2022-02,
LAT-9.25_LON116.25,-9.25,116.25,2022,2,2022-02,
LAT-9.25_LON116.75,-9.25,116.75,2022,2,2022-02,
LAT-9.25_LON117.25,-9.25,117.25,2022,2,2022-02,
LAT-9.25_LON117.75,-9.25,117.75,2022,2,2022-02,
LAT-9.25_LON118.25,-9.25,118.25,2022,2,2022-02,
LAT-9.25_LON118.75,-9.25,118.75,2022,2,2022-02,
LAT-9.25_LON119.25,-9.25,119.25,2022,2,2022-02,
LAT-8.75_LON115.75,-8.75,115.75,2022,2,2022-02,
LAT-8.75_LON116.25,-8.75,116.25,2022,2,2022-02,42.16865789251667
LAT-8.75_LON116.75,-8.75,116.75,2022,2,2022-02,
LAT-8.75_LON117.25,-8.75,117.25,2022,2,2022-02,44.56016193883761
LAT-8.75_LON117.75,-8.75,117.75,2022,2,2022-02,
LAT-8.75_LON118.25,-8.75,118.25,2022,2,2022-02,
LAT-8.75_LON118.75,-8.75,118.75,2022,2,2022-02,42.94024795472621
LAT-8.75_LON119.25,-8.75,119.25,2022,2,2022-02,
LAT-8.25_LON115.75,-8.25,115.75,2022,2,2022-02,
LAT-8.25_LON116.25,-8.25,116.25,2022,2,2022-02,
LAT-8.25_LON116.75,-8.25,116.75,2022,2,2022-02,
LAT-8.25_LON117.25,-8.25,117.25,2022,2,2022-02,
LAT-8.25_LON117.75,-8.25,117.75,2022,2,2022-02,43.84183617762158
LAT-8.25_LON118.25,-8.25,118.25,2022,2,2022-02,
LAT-8.25_LON118.75,-8.25,118.75,2022,2,2022-02,
LAT-8.25_LON119.25,-8.25,119.25,2022,2,2022-02,
LAT-7.75_LON115.75,-7.75,115.75,2022,2,2022-02,
LAT-7.75_LON116.25,-7.75,116.25,2022,2,2022-02,
LAT-7.75_LON116.75,-7.75,116.75,2022,2,2022-02,
LAT-7.75_LON117.25,-7.75,117.25,2022,2,2022-02,
LAT-7.75_LON117.75,-7.75,117.75,2022,2,2022-02,
LAT-7.75_LON118.25,-7.75,118.25,2022,2,2022-02,
LAT-7.75_LON118.75,-7.75,118.75,2022,2,2022-02,
LAT-7.75_LON119.25,-7.75,119.25,2022,2,2022-02,
LAT-9.25_LON115.75,-9.25,115.75,2022,3,2022-03,
LAT-9.25_LON116.25,-9.25,116.25,2022,3,2022-03,
LAT-9.25_LON116.75,-9.25,116.75,2022,3,2022-03,
LAT-9.25_LON117.25,-9.25,117.25,2022,3,2022-03,
LAT-9.25_LON117.75,-9.25,117.75,2022,3,2022-03,
LAT-9.25_LON118.25,-9.25,118.25,2022,3,2022-03,
LAT-9.25_LON118.75,-9.25,118.75,2022,3,2022-03,
LAT-9.25_LON119.25,-9.25,119.25,2022,3,2022-03,
LAT-8.75_LON115.75,-8.75,115.75,2022,3,2022-03,
LAT-8.75_LON116.25,-8.75,116.25,2022,3,2022-03,41.826642656864664
LAT-8.75_LON116.75,-8.75,116.75,2022,3,2022-03,
LAT-8.75_LON117.25,-8.75,117.25,2022,3,2022-03,43.61600004926804
LAT-8.75_LON117.75,-8.75,117.75,2022,3,2022-03,
LAT-8.75_LON118.25,-8.75,118.25,2022,3,2022-03,
LAT-8.75_LON118.75,-8.75,118.75,2022,3,2022-03,41.39356746389021
LAT-8.75_LON119.25,-8.75,119.25,2022,3,2022-03,
LAT-8.25_LON115.75,-8.25,115.75,2022,3,2022-03,
LAT-8.25_LON116.25,-8.25,116.25,2022,3,2022-03,
LAT-8.25_LON116.75,-8.25,116.75,2022,3,2022-03,
LAT-8.25_LON117.25,-8.25,117.25,2022,3,2022-03,
LAT-8.25_LON117.75,-8.25,117.75,2022,3,2022-03,42.8405367565155
LAT-8.25_LON118.25,-8.25,118.25,2022,3,2022-03,
LAT-8.25_LON118.75,-8.25,118.75,2022,3,2022-03,
LAT-8.25_LON119.25,-8.25,119.25,2022,3,2022-03,
LAT-7.75_LON115.75,-7.75,115.75,2022,3,2022-03,
LAT-7.75_LON116.25,-7.75,116.25,2022,3,2022-03,
LAT-7.75_LON116.75,-7.75,116.75,2022,3,2022-03,
LAT-7.75_LON117.25,-7.75,117.25,2022,3,2022-03,
LAT-7.75_LON117.75,-7.75,117.75,2022,3,2022-03,
LAT-7.75_LON118.25,-7.75,118.25,2022,3,2022-03,
LAT-7.75_LON118.75,-7.75,118.75,2022,3,2022-03,
LAT-7.75_LON119.25,-7.75,119.25,2022,3,2022-03,
LAT-9.25_LON115.75,-9.25,115.75,2022,4,2022-04,
LAT-9.25_LON116.25,-9.25,116.25,2022,4,2022-04,
LAT-9.25_LON116.75,-9.25,116.75,2022,4,2022-04,
LAT-9.25_LON117.25,-9.25,117.25,2022,4,2022-04,
LAT-9.25_LON117.75,-9.25,117.75,2022,4,2022-04,
LAT-9.25_LON118.25,-9.25,118.25,2022,4,2022-04,
LAT-9.25_LON118.75,-9.25,118.75,2022,4,2022-04,
LAT-9.25_LON119.25,-9.25,119.25,2022,4,2022-04,
LAT-8.75_LON115.75,-8.75,115.75,2022,4,2022-04,
LAT-8.75_LON116.25,-8.75,116.25,2022,4,2022-04,41.238283612012886
LAT-8.75_LON116.75,-8.75,116.75,2022,4,2022-04,
LAT-8.75_LON117.25,-8.75,117.25,2022,4,2022-04,42.595533076206834
LAT-8.75_LON117.75,-8.75,117.75,2022,4,2022-04,
LAT-8.75_LON118.25,-8.75,118.25,2022,4,2022-04,
LAT-8.75_LON118.75,-8.75,118.75,2022,4,2022-04,42.55652455902099
LAT-8.75_LON119.25,-8.75,119.25,2022,4,2022-04,
LAT-8.25_LON115.75,-8.25,115.75,2022,4,2022-04,
LAT-8.25_LON116.25,-8.25,116.25,2022,4,2022-04,
LAT-8.25_LON116.75,-8.25,116.75,2022,4,2022-04,
LAT-8.25_LON117.25,-8.25,117.25,2022,4,2022-04,
LAT-8.25_LON117.75,-8.25,117.75,2022,4,2022-04,43.06909911910692
LAT-8.25_LON118.25,-8.25,118.25,2022,4,2022-04,
LAT-8.25_LON118.75,-8.25,118.75,2022,4,2022-04,
LAT-8.25_LON119.25,-8.25,119.25,2022,4,2022-04,
LAT-7.75_LON115.75,-7.75,115.75,2022,4,2022-04,
LAT-7.75_LON116.25,-7.75,116.25,2022,4,2022-04,
LAT-7.75_LON116.75,-7.75,116.75,2022,4,2022-04,
LAT-7.75_LON117.25,-7.75,117.25,2022,4,2022-04,
LAT-7.75_LON117.75,-7.75,117.75,2022,4,2022-04,
LAT-7.75_LON118.25,-7.75,118.25,2022,4,2022-04,
LAT-7.75_LON118.75,-7.75,118.75,2022,4,2022-04,
LAT-7.75_LON119.25,-7.75,119.25,2022,4,2022-04,
LAT-9.25_LON115.75,-9.25,115.75,2022,5,2022-05,
LAT-9.25_LON116.25,-9.25,116.25,2022,5,2022-05,
LAT-9.25_LON116.75,-9.25,116.75,2022,5,2022-05,
LAT-9.25_LON117.25,-9.25,117.25,2022,5,2022-05,
LAT-9.25_LON117.75,-9.25,117.75,2022,5,2022-05,
LAT-9.25_LON118.25,-9.25,118.25,2022,5,2022-05,
LAT-9.25_LON118.75,-9.25,118.75,2022,5,2022-05,
LAT-9.25_LON119.25,-9.25,119.25,2022,5,2022-05,
LAT-8.75_LON115.75,-8.75,115.75,2022,5,2022-05,
LAT-8.75_LON116.25,-8.75,116.25,2022,5,2022-05,36.80946942390935
LAT-8.75_LON116.75,-8.75,116.75,2022,5,2022-05,
LAT-8.75_LON117.25,-8.75,117.25,2022,5,2022-05,37.327187192286225
LAT-8.75_LON117.75,-8.75,117.75,2022,5,2022-05,
LAT-8.75_LON118.25,-8.75,118.25,2022,5,2022-05,
LAT-8.75_LON118.75,-8.75,118.75,2022,5,2022-05,36.65851158142089
LAT-8.75_LON119.25,-8.75,119.25,2022,5,2022-05,
LAT-8.25_LON115.75,-8.25,115.75,2022,5,2022-05,
LAT-8.25_LON116.25,-8.25,116.25,2022,5,2022-05,
LAT-8.25_LON116.75,-8.25,116.75,2022,5,2022-05,
LAT-8.25_LON117.25,-8.25,117.25,2022,5,2022-05,
LAT-8.25_LON117.75,-8.25,117.75,2022,5,2022-05,36.72688030204464
LAT-8.25_LON118.25,-8.25,118.25,2022,5,2022-05,
LAT-8.25_LON118.75,-8.25,118.75,2022,5,2022-05,
LAT-8.25_LON119.25,-8.25,119.25,2022,5,2022-05,
LAT-7.75_LON115.75,-7.75,115.75,2022,5,2022-05,
LAT-7.75_LON116.25,-7.75,116.25,2022,5,2022-05,
LAT-7.75_LON116.75,-7.75,116.75,2022,5,2022-05,
LAT-7.75_LON117.25,-7.75,117.25,2022,5,2022-05,
LAT-7.75_LON117.75,-7.75,117.75,2022,5,2022-05,
LAT-7.75_LON118.25,-7.75,118.25,2022,5,2022-05,
LAT-7.75_LON118.75,-7.75,118.75,2022,5,2022-05,
LAT-7.75_LON119.25,-7.75,119.25,2022,5,2022-05,
LAT-9.25_LON115.75,-9.25,115.75,2022,6,2022-06,
LAT-9.25_LON116.25,-9.25,116.25,2022,6,2022-06,
LAT-9.25_LON116.75,-9.25,116.75,2022,6,2022-06,
LAT-9.25_LON117.25,-9.25,117.25,2022,6,2022-06,
LAT-9.25_LON117.75,-9.25,117.75,2022,6,2022-06,
LAT-9.25_LON118.25,-9.25,118.25,2022,6,2022-06,
LAT-9.25_LON118.75,-9.25,118.75,2022,6,2022-06,
LAT-9.25_LON119.25,-9.25,119.25,2022,6,2022-06,
LAT-8.75_LON115.75,-8.75,115.75,2022,6,2022-06,
LAT-8.75_LON116.25,-8.75,116.25,2022,6,2022-06,34.58354820060728
LAT-8.75_LON116.75,-8.75,116.75,2022,6,2022-06,
LAT-8.75_LON117.25,-8.75,117.25,2022,6,2022-06,34.984154750824
LAT-8.75_LON117.75,-8.75,117.75,2022,6,2022-06,
LAT-8.75_LON118.25,-8.75,118.25,2022,6,2022-06,
LAT-8.75_LON118.75,-8.75,118.75,2022,6,2022-06,33.90724256674449
LAT-8.75_LON119.25,-8.75,119.25,2022,6,2022-06,
LAT-8.25_LON115.75,-8.25,115.75,2022,6,2022-06,
LAT-8.25_LON116.25,-8.25,116.25,2022,6,2022-06,
LAT-8.25_LON116.75,-8.25,116.75,2022,6,2022-06,
LAT-8.25_LON117.25,-8.25,117.25,2022,6,2022-06,
LAT-8.25_LON117.75,-8.25,117.75,2022,6,2022-06,34.6120598595937
LAT-8.25_LON118.25,-8.25,118.25,2022,6,2022-06,
LAT-8.25_LON118.75,-8.25,118.75,2022,6,2022-06,
LAT-8.25_LON119.25,-8.25,119.25,2022,6,2022-06,
LAT-7.75_LON115.75,-7.75,115.75,2022,6,2022-06,
LAT-7.75_LON116.25,-7.75,116.25,2022,6,2022-06,
LAT-7.75_LON116.75,-7.75,116.75,2022,6,2022-06,
LAT-7.75_LON117.25,-7.75,117.25,2022,6,2022-06,
LAT-7.75_LON117.75,-7.75,117.75,2022,6,2022-06,
LAT-7.75_LON118.25,-7.75,118.25,2022,6,2022-06,
LAT-7.75_LON118.75,-7.75,118.75,2022,6,2022-06,
LAT-7.75_LON119.25,-7.75,119.25,2022,6,2022-06,
LAT-9.25_LON115.75,-9.25,115.75,2022,7,2022-07,
LAT-9.25_LON116.25,-9.25,116.25,2022,7,2022-07,
LAT-9.25_LON116.75,-9.25,116.75,2022,7,2022-07,
LAT-9.25_LON117.25,-9.25,117.25,2022,7,2022-07,
LAT-9.25_LON117.75,-9.25,117.75,2022,7,2022-07,
LAT-9.25_LON118.25,-9.25,118.25,2022,7,2022-07,
LAT-9.25_LON118.75,-9.25,118.75,2022,7,2022-07,
LAT-9.25_LON119.25,-9.25,119.25,2022,7,2022-07,
LAT-8.75_LON115.75,-8.75,115.75,2022,7,2022-07,
LAT-8.75_LON116.25,-8.75,116.25,2022,7,2022-07,30.665038784088637
LAT-8.75_LON116.75,-8.75,116.75,2022,7,2022-07,
LAT-8.75_LON117.25,-8.75,117.25,2022,7,2022-07,30.908127930318127
LAT-8.75_LON117.75,-8.75,117.75,2022,7,2022-07,
LAT-8.75_LON118.25,-8.75,118.25,2022,7,2022-07,
LAT-8.75_LON118.75,-8.75,118.75,2022,7,2022-07,30.75281317087911
LAT-8.75_LON119.25,-8.75,119.25,2022,7,2022-07,
LAT-8.25_LON115.75,-8.25,115.75,2022,7,2022-07,
LAT-8.25_LON116.25,-8.25,116.25,2022,7,2022-07,
LAT-8.25_LON116.75,-8.25,116.75,2022,7,2022-07,
LAT-8.25_LON117.25,-8.25,117.25,2022,7,2022-07,
LAT-8.25_LON117.75,-8.25,117.75,2022,7,2022-07,30.536041799206888
LAT-8.25_LON118.25,-8.25,118.25,2022,7,2022-07,
LAT-8.25_LON118.75,-8.25,118.75,2022,7,2022-07,
LAT-8.25_LON119.25,-8.25,119.25,2022,7,2022-07,
LAT-7.75_LON115.75,-7.75,115.75,2022,7,2022-07,
LAT-7.75_LON116.25,-7.75,116.25,2022,7,2022-07,
LAT-7.75_LON116.75,-7.75,116.75,2022,7,2022-07,
LAT-7.75_LON117.25,-7.75,117.25,2022,7,2022-07,
LAT-7.75_LON117.75,-7.75,117.75,2022,7,2022-07,
LAT-7.75_LON118.25,-7.75,118.25,2022,7,2022-07,
LAT-7.75_LON118.75,-7.75,118.75,2022,7,2022-07,
LAT-7.75_LON119.25,-7.75,119.25,2022,7,2022-07,
LAT-9.25_LON115.75,-9.25,115.75,2022,8,2022-08,
LAT-9.25_LON116.25,-9.25,116.25,2022,8,2022-08,
LAT-9.25_LON116.75,-9.25,116.75,2022,8,2022-08,
LAT-9.25_LON117.25,-9.25,117.25,2022,8,2022-08,
LAT-9.25_LON117.75,-9.25,117.75,2022,8,2022-08,
LAT-9.25_LON118.25,-9.25,118.25,2022,8,2022-08,
LAT-9.25_LON118.75,-9.25,118.75,2022,8,2022-08,
LAT-9.25_LON119.25,-9.25,119.25,2022,8,2022-08,
LAT-8.75_LON115.75,-8.75,115.75,2022,8,2022-08,
LAT-8.75_LON116.25,-8.75,116.25,2022,8,2022-08,26.886767273026127
LAT-8.75_LON116.75,-8.75,116.75,2022,8,2022-08,
LAT-8.75_LON117.25,-8.75,117.25,2022,8,2022-08,26.08621687146926
LAT-8.75_LON117.75,-8.75,117.75,2022,8,2022-08,
LAT-8.75_LON118.25,-8.75,118.25,2022,8,2022-08,
LAT-8.75_LON118.75,-8.75,118.75,2022,8,2022-08,27.55915158529434
LAT-8.75_LON119.25,-8.75,119.25,2022,8,2022-08,
LAT-8.25_LON115.75,-8.25,115.75,2022,8,2022-08,
LAT-8.25_LON116.25,-8.25,116.25,2022,8,2022-08,
LAT-8.25_LON116.75,-8.25,116.75,2022,8,2022-08,
LAT-8.25_LON117.25,-8.25,117.25,2022,8,2022-08,
LAT-8.25_LON117.75,-8.25,117.75,2022,8,2022-08,25.37659768169928
LAT-8.25_LON118.25,-8.25,118.25,2022,8,2022-08,
LAT-8.25_LON118.75,-8.25,118.75,2022,8,2022-08,
LAT-8.25_LON119.25,-8.25,119.25,2022,8,2022-08,
LAT-7.75_LON115.75,-7.75,115.75,2022,8,2022-08,
LAT-7.75_LON116.25,-7.75,116.25,2022,8,2022-08,
LAT-7.75_LON116.75,-7.75,116.75,2022,8,2022-08,
LAT-7.75_LON117.25,-7.75,117.25,2022,8,2022-08,
LAT-7.75_LON117.75,-7.75,117.75,2022,8,2022-08,
LAT-7.75_LON118.25,-7.75,118.25,2022,8,2022-08,
LAT-7.75_LON118.75,-7.75,118.75,2022,8,2022-08,
LAT-7.75_LON119.25,-7.75,119.25,2022,8,2022-08,
LAT-9.25_LON115.75,-9.25,115.75,2022,9,2022-09,
LAT-9.25_LON116.25,-9.25,116.25,2022,9,2022-09,
LAT-9.25_LON116.75,-9.25,116.75,2022,9,2022-09,
LAT-9.25_LON117.25,-9.25,117.25,2022,9,2022-09,
LAT-9.25_LON117.75,-9.25,117.75,2022,9,2022-09,
LAT-9.25_LON118.25,-9.25,118.25,2022,9,2022-09,
LAT-9.25_LON118.75,-9.25,118.75,2022,9,2022-09,
LAT-9.25_LON119.25,-9.25,119.25,2022,9,2022-09,
LAT-8.75_LON115.75,-8.75,115.75,2022,9,2022-09,
LAT-8.75_LON116.25,-8.75,116.25,2022,9,2022-09,24.55247161602974
LAT-8.75_LON116.75,-8.75,116.75,2022,9,2022-09,
LAT-8.75_LON117.25,-8.75,117.25,2022,9,2022-09,22.329707205096888
LAT-8.75_LON117.75,-8.75,117.75,2022,9,2022-09,
LAT-8.75_LON118.25,-8.75,118.25,2022,9,2022-09,
LAT-8.75_LON118.75,-8.75,118.75,2022,9,2022-09,25.432522627393425
LAT-8.75_LON119.25,-8.75,119.25,2022,9,2022-09,
LAT-8.25_LON115.75,-8.25,115.75,2022,9,2022-09,
LAT-8.25_LON116.25,-8.25,116.25,2022,9,2022-09,
LAT-8.25_LON116.75,-8.25,116.75,2022,9,2022-09,
LAT-8.25_LON117.25,-8.25,117.25,2022,9,2022-09,
LAT-8.25_LON117.75,-8.25,117.75,2022,9,2022-09,20.92718779695035
LAT-8.25_LON118.25,-8.25,118.25,2022,9,2022-09,
LAT-8.25_LON118.75,-8.25,118.75,2022,9,2022-09,
LAT-8.25_LON119.25,-8.25,119.25,2022,9,2022-09,
LAT-7.75_LON115.75,-7.75,115.75,2022,9,2022-09,
LAT-7.75_LON116.25,-7.75,116.25,2022,9,2022-09,
LAT-7.75_LON116.75,-7.75,116.75,2022,9,2022-09,
LAT-7.75_LON117.25,-7.75,117.25,2022,9,2022-09,
LAT-7.75_LON117.75,-7.75,117.75,2022,9,2022-09,
LAT-7.75_LON118.25,-7.75,118.25,2022,9,2022-09,
LAT-7.75_LON118.75,-7.75,118.75,2022,9,2022-09,
LAT-7.75_LON119.25,-7.75,119.25,2022,9,2022-09,
LAT-9.25_LON115.75,-9.25,115.75,2022,10,2022-10,
LAT-9.25_LON116.25,-9.25,116.25,2022,10,2022-10,
LAT-9.25_LON116.75,-9.25,116.75,2022,10,2022-10,
LAT-9.25_LON117.25,-9.25,117.25,2022,10,2022-10,
LAT-9.25_LON117.75,-9.25,117.75,2022,10,2022-10,
LAT-9.25_LON118.25,-9.25,118.25,2022,10,2022-10,
LAT-9.25_LON118.75,-9.25,118.75,2022,10,2022-10,
LAT-9.25_LON119.25,-9.25,119.25,2022,10,2022-10,
LAT-8.75_LON115.75,-8.75,115.75,2022,10,2022-10,
LAT-8.75_LON116.25,-8.75,116.25,2022,10,2022-10,27.783233326404314
LAT-8.75_LON116.75,-8.75,116.75,2022,10,2022-10,
LAT-8.75_LON117.25,-8.75,117.25,2022,10,2022-10,23.051434329094427
LAT-8.75_LON117.75,-8.75,117.75,2022,10,2022-10,
LAT-8.75_LON118.25,-8.75,118.25,2022,10,2022-10,
LAT-8.75_LON118.75,-8.75,118.75,2022,10,2022-10,25.82214205880321
LAT-8.75_LON119.25,-8.75,119.25,2022,10,2022-10,
LAT-8.25_LON115.75,-8.25,115.75,2022,10,2022-10,
LAT-8.25_LON116.25,-8.25,116.25,2022,10,2022-10,
LAT-8.25_LON116.75,-8.25,116.75,2022,10,2022-10,
LAT-8.25_LON117.25,-8.25,117.25,2022,10,2022-10,
LAT-8.25_LON117.75,-8.25,117.75,2022,10,2022-10,21.48490056883904
LAT-8.25_LON118.25,-8.25,118.25,2022,10,2022-10,
LAT-8.25_LON118.75,-8.25,118.75,2022,10,2022-10,
LAT-8.25_LON119.25,-8.25,119.25,2022,10,2022-10,
LAT-7.75_LON115.75,-7.75,115.75,2022,10,2022-10,
LAT-7.75_LON116.25,-7.75,116.25,2022,10,2022-10,
LAT-7.75_LON116.75,-7.75,116.75,2022,10,2022-10,
LAT-7.75_LON117.25,-7.75,117.25,2022,10,2022-10,
LAT-7.75_LON117.75,-7.75,117.75,2022,10,2022-10,
LAT-7.75_LON118.25,-7.75,118.25,2022,10,2022-10,
LAT-7.75_LON118.75,-7.75,118.75,2022,10,2022-10,
LAT-7.75_LON119.25,-7.75,119.25,2022,10,2022-10,
LAT-9.25_LON115.75,-9.25,115.75,2022,11,2022-11,
LAT-9.25_LON116.25,-9.25,116.25,2022,11,2022-11,
LAT-9.25_LON116.75,-9.25,116.75,2022,11,2022-11,
LAT-9.25_LON117.25,-9.25,117.25,2022,11,2022-11,
LAT-9.25_LON117.75,-9.25,117.75,2022,11,2022-11,
LAT-9.25_LON118.25,-9.25,118.25,2022,11,2022-11,
LAT-9.25_LON118.75,-9.25,118.75,2022,11,2022-11,
LAT-9.25_LON119.25,-9.25,119.25,2022,11,2022-11,
LAT-8.75_LON115.75,-8.75,115.75,2022,11,2022-11,
LAT-8.75_LON116.25,-8.75,116.25,2022,11,2022-11,34.863353070974355
LAT-8.75_LON116.75,-8.75,116.75,2022,11,2022-11,
LAT-8.75_LON117.25,-8.75,117.25,2022,11,2022-11,26.47272006201745
LAT-8.75_LON117.75,-8.75,117.75,2022,11,2022-11,
LAT-8.75_LON118.25,-8.75,118.25,2022,11,2022-11,
LAT-8.75_LON118.75,-8.75,118.75,2022,11,2022-11,28.56277336875597
LAT-8.75_LON119.25,-8.75,119.25,2022,11,2022-11,
LAT-8.25_LON115.75,-8.25,115.75,2022,11,2022-11,
LAT-8.25_LON116.25,-8.25,116.25,2022,11,2022-11,
LAT-8.25_LON116.75,-8.25,116.75,2022,11,2022-11,
LAT-8.25_LON117.25,-8.25,117.25,2022,11,2022-11,
LAT-8.25_LON117.75,-8.25,117.75,2022,11,2022-11,25.53583402387301
LAT-8.25_LON118.25,-8.25,118.25,2022,11,2022-11,
LAT-8.25_LON118.75,-8.25,118.75,2022,11,2022-11,
LAT-8.25_LON119.25,-8.25,119.25,2022,11,2022-11,
LAT-7.75_LON115.75,-7.75,115.75,2022,11,2022-11,
LAT-7.75_LON116.25,-7.75,116.25,2022,11,2022-11,
LAT-7.75_LON116.75,-7.75,116.75,2022,11,2022-11,
LAT-7.75_LON117.25,-7.75,117.25,2022,11,2022-11,
LAT-7.75_LON117.75,-7.75,117.75,2022,11,2022-11,
LAT-7.75_LON118.25,-7.75,118.25,2022,11,2022-11,
LAT-7.75_LON118.75,-7.75,118.75,2022,11,2022-11,
LAT-7.75_LON119.25,-7.75,119.25,2022,11,2022-11,
LAT-9.25_LON115.75,-9.25,115.75,2022,12,2022-12,
LAT-9.25_LON116.25,-9.25,116.25,2022,12,2022-12,
LAT-9.25_LON116.75,-9.25,116.75,2022,12,2022-12,
LAT-9.25_LON117.25,-9.25,117.25,2022,12,2022-12,
LAT-9.25_LON117.75,-9.25,117.75,2022,12,2022-12,
LAT-9.25_LON118.25,-9.25,118.25,2022,12,2022-12,
LAT-9.25_LON118.75,-9.25,118.75,2022,12,2022-12,
LAT-9.25_LON119.25,-9.25,119.25,2022,12,2022-12,
LAT-8.75_LON115.75,-8.75,115.75,2022,12,2022-12,
LAT-8.75_LON116.25,-8.75,116.25,2022,12,2022-12,41.13305806375318
LAT-8.75_LON116.75,-8.75,116.75,2022,12,2022-12,
LAT-8.75_LON117.25,-8.75,117.25,2022,12,2022-12,33.25467966571932
LAT-8.75_LON117.75,-8.75,117.75,2022,12,2022-12,
LAT-8.75_LON118.25,-8.75,118.25,2022,12,2022-12,
LAT-8.75_LON118.75,-8.75,118.75,2022,12,2022-12,34.66805826648589
LAT-8.75_LON119.25,-8.75,119.25,2022,12,2022-12,
LAT-8.25_LON115.75,-8.25,115.75,2022,12,2022-12,
LAT-8.25_LON116.25,-8.25,116.25,2022,12,2022-12,
LAT-8.25_LON116.75,-8.25,116.75,2022,12,2022-12,
LAT-8.25_LON117.25,-8.25,117.25,2022,12,2022-12,
LAT-8.25_LON117.75,-8.25,117.75,2022,12,2022-12,33.5486685446001
LAT-8.25_LON118.25,-8.25,118.25,2022,12,2022-12,
LAT-8.25_LON118.75,-8.25,118.75,2022,12,2022-12,
LAT-8.25_LON119.25,-8.25,119.25,2022,12,2022-12,
LAT-7.75_LON115.75,-7.75,115.75,2022,12,2022-12,
LAT-7.75_LON116.25,-7.75,116.25,2022,12,2022-12,
LAT-7.75_LON116.75,-7.75,116.75,2022,12,2022-12,
LAT-7.75_LON117.25,-7.75,117.25,2022,12,2022-12,
LAT-7.75_LON117.75,-7.75,117.75,2022,12,2022-12,
LAT-7.75_LON118.25,-7.75,118.25,2022,12,2022-12,
LAT-7.75_LON118.75,-7.75,118.75,2022,12,2022-12,
LAT-7.75_LON119.25,-7.75,119.25,2022,12,2022-12,
LAT-9.25_LON115.75,-9.25,115.75,2023,1,2023-01,
LAT-9.25_LON116.25,-9.25,116.25,2023,1,2023-01,
LAT-9.25_LON116.75,-9.25,116.75,2023,1,2023-01,
LAT-9.25_LON117.25,-9.25,117.25,2023,1,2023-01,
LAT-9.25_LON117.75,-9.25,117.75,2023,1,2023-01,
LAT-9.25_LON118.25,-9.25,118.25,2023,1,2023-01,
LAT-9.25_LON118.75,-9.25,118.75,2023,1,2023-01,
LAT-9.25_LON119.25,-9.25,119.25,2023,1,2023-01,
LAT-8.75_LON115.75,-8.75,115.75,2023,1,2023-01,
LAT-8.75_LON116.25,-8.75,116.25,2023,1,2023-01,41.76114291075737
LAT-8.75_LON116.75,-8.75,116.75,2023,1,2023-01,
LAT-8.75_LON117.25,-8.75,117.25,2023,1,2023-01,39.47598157990364
LAT-8.75_LON117.75,-8.75,117.75,2023,1,2023-01,
LAT-8.75_LON118.25,-8.75,118.25,2023,1,2023-01,
LAT-8.75_LON118.75,-8.75,118.75,2023,1,2023-01,38.873069172751514
LAT-8.75_LON119.25,-8.75,119.25,2023,1,2023-01,
LAT-8.25_LON115.75,-8.25,115.75,2023,1,2023-01,
LAT-8.25_LON116.25,-8.25,116.25,2023,1,2023-01,
LAT-8.25_LON116.75,-8.25,116.75,2023,1,2023-01,
LAT-8.25_LON117.25,-8.25,117.25,2023,1,2023-01,
LAT-8.25_LON117.75,-8.25,117.75,2023,1,2023-01,40.52982902426876
LAT-8.25_LON118.25,-8.25,118.25,2023,1,2023-01,
LAT-8.25_LON118.75,-8.25,118.75,2023,1,2023-01,
LAT-8.25_LON119.25,-8.25,119.25,2023,1,2023-01,
LAT-7.75_LON115.75,-7.75,115.75,2023,1,2023-01,
LAT-7.75_LON116.25,-7.75,116.25,2023,1,2023-01,
LAT-7.75_LON116.75,-7.75,116.75,2023,1,2023-01,
LAT-7.75_LON117.25,-7.75,117.25,2023,1,2023-01,
LAT-7.75_LON117.75,-7.75,117.75,2023,1,2023-01,
LAT-7.75_LON118.25,-7.75,118.25,2023,1,2023-01,
LAT-7.75_LON118.75,-7.75,118.75,2023,1,2023-01,
LAT-7.75_LON119.25,-7.75,119.25,2023,1,2023-01,
LAT-9.25_LON115.75,-9.25,115.75,2023,2,2023-02,
LAT-9.25_LON116.25,-9.25,116.25,2023,2,2023-02,
LAT-9.25_LON116.75,-9.25,116.75,2023,2,2023-02,
LAT-9.25_LON117.25,-9.25,117.25,2023,2,2023-02,
LAT-9.25_LON117.75,-9.25,117.75,2023,2,2023-02,
LAT-9.25_LON118.25,-9.25,118.25,2023,2,2023-02,
LAT-9.25_LON118.75,-9.25,118.75,2023,2,2023-02,
LAT-9.25_LON119.25,-9.25,119.25,2023,2,2023-02,
LAT-8.75_LON115.75,-8.75,115.75,2023,2,2023-02,
LAT-8.75_LON116.25,-8.75,116.25,2023,2,2023-02,45.45637814956052
LAT-8.75_LON116.75,-8.75,116.75,2023,2,2023-02,
LAT-8.75_LON117.25,-8.75,117.25,2023,2,2023-02,47.017223320007304
LAT-8.75_LON117.75,-8.75,117.75,2023,2,2023-02,
LAT-8.75_LON118.25,-8.75,118.25,2023,2,2023-02,
LAT-8.75_LON118.75,-8.75,118.75,2023,2,2023-02,45.62485126171789
LAT-8.75_LON119.25,-8.75,119.25,2023,2,2023-02,
LAT-8.25_LON115.75,-8.25,115.75,2023,2,2023-02,
LAT-8.25_LON116.25,-8.25,116.25,2023,2,2023-02,
LAT-8.25_LON116.75,-8.25,116.75,2023,2,2023-02,
LAT-8.25_LON117.25,-8.25,117.25,2023,2,2023-02,
LAT-8.25_LON117.75,-8.25,117.75,2023,2,2023-02,46.84295986115933
LAT-8.25_LON118.25,-8.25,118.25,2023,2,2023-02,
LAT-8.25_LON118.75,-8.25,118.75,2023,2,2023-02,
LAT-8.25_LON119.25,-8.25,119.25,2023,2,2023-02,
LAT-7.75_LON115.75,-7.75,115.75,2023,2,2023-02,
LAT-7.75_LON116.25,-7.75,116.25,2023,2,2023-02,
LAT-7.75_LON116.75,-7.75,116.75,2023,2,2023-02,
LAT-7.75_LON117.25,-7.75,117.25,2023,2,2023-02,
LAT-7.75_LON117.75,-7.75,117.75,2023,2,2023-02,
LAT-7.75_LON118.25,-7.75,118.25,2023,2,2023-02,
LAT-7.75_LON118.75,-7.75,118.75,2023,2,2023-02,
LAT-7.75_LON119.25,-7.75,119.25,2023,2,2023-02,
LAT-9.25_LON115.75,-9.25,115.75,2023,3,2023-03,
LAT-9.25_LON116.25,-9.25,116.25,2023,3,2023-03,
LAT-9.25_LON116.75,-9.25,116.75,2023,3,2023-03,
LAT-9.25_LON117.25,-9.25,117.25,2023,3,2023-03,
LAT-9.25_LON117.75,-9.25,117.75,2023,3,2023-03,
LAT-9.25_LON118.25,-9.25,118.25,2023,3,2023-03,
LAT-9.25_LON118.75,-9.25,118.75,2023,3,2023-03,
LAT-9.25_LON119.25,-9.25,119.25,2023,3,2023-03,
LAT-8.75_LON115.75,-8.75,115.75,2023,3,2023-03,
LAT-8.75_LON116.25,-8.75,116.25,2023,3,2023-03,40.89250421677867
LAT-8.75_LON116.75,-8.75,116.75,2023,3,2023-03,
LAT-8.75_LON117.25,-8.75,117.25,2023,3,2023-03,43.07118707549185
LAT-8.75_LON117.75,-8.75,117.75,2023,3,2023-03,
LAT-8.75_LON118.25,-8.75,118.25,2023,3,2023-03,
LAT-8.75_LON118.75,-8.75,118.75,2023,3,2023-03,41.833243792518466
LAT-8.75_LON119.25,-8.75,119.25,2023,3,2023-03,
LAT-8.25_LON115.75,-8.25,115.75,2023,3,2023-03,
LAT-8.25_LON116.25,-8.25,116.25,2023,3,2023-03,
LAT-8.25_LON116.75,-8.25,116.75,2023,3,2023-03,
LAT-8.25_LON117.25,-8.25,117.25,2023,3,2023-03,
LAT-8.25_LON117.75,-8.25,117.75,2023,3,2023-03,42.05909144163135
LAT-8.25_LON118.25,-8.25,118.25,2023,3,2023-03,
LAT-8.25_LON118.75,-8.25,118.75,2023,3,2023-03,
LAT-8.25_LON119.25,-8.25,119.25,2023,3,2023-03,
LAT-7.75_LON115.75,-7.75,115.75,2023,3,2023-03,
LAT-7.75_LON116.25,-7.75,116.25,2023,3,2023-03,
LAT-7.75_LON116.75,-7.75,116.75,2023,3,2023-03,
LAT-7.75_LON117.25,-7.75,117.25,2023,3,2023-03,
LAT-7.75_LON117.75,-7.75,117.75,2023,3,2023-03,
LAT-7.75_LON118.25,-7.75,118.25,2023,3,2023-03,
LAT-7.75_LON118.75,-7.75,118.75,2023,3,2023-03,
LAT-7.75_LON119.25,-7.75,119.25,2023,3,2023-03,
LAT-9.25_LON115.75,-9.25,115.75,2023,4,2023-04,
LAT-9.25_LON116.25,-9.25,116.25,2023,4,2023-04,
LAT-9.25_LON116.75,-9.25,116.75,2023,4,2023-04,
LAT-9.25_LON117.25,-9.25,117.25,2023,4,2023-04,
LAT-9.25_LON117.75,-9.25,117.75,2023,4,2023-04,
LAT-9.25_LON118.25,-9.25,118.25,2023,4,2023-04,
LAT-9.25_LON118.75,-9.25,118.75,2023,4,2023-04,
LAT-9.25_LON119.25,-9.25,119.25,2023,4,2023-04,
LAT-8.75_LON115.75,-8.75,115.75,2023,4,2023-04,
LAT-8.75_LON116.25,-8.75,116.25,2023,4,2023-04,39.23250854627293
LAT-8.75_LON116.75,-8.75,116.75,2023,4,2023-04,
LAT-8.75_LON117.25,-8.75,117.25,2023,4,2023-04,41.41667951671283
LAT-8.75_LON117.75,-8.75,117.75,2023,4,2023-04,
LAT-8.75_LON118.25,-8.75,118.25,2023,4,2023-04,
LAT-8.75_LON118.75,-8.75,118.75,2023,4,2023-04,38.4947734102408
LAT-8.75_LON119.25,-8.75,119.25,2023,4,2023-04,
LAT-8.25_LON115.75,-8.25,115.75,2023,4,2023-04,
LAT-8.25_LON116.25,-8.25,116.25,2023,4,2023-04,
LAT-8.25_LON116.75,-8.25,116.75,2023,4,2023-04,
LAT-8.25_LON117.25,-8.25,117.25,2023,4,2023-04,
LAT-8.25_LON117.75,-8.25,117.75,2023,4,2023-04,39.7269947128296
LAT-8.25_LON118.25,-8.25,118.25,2023,4,2023-04,
LAT-8.25_LON118.75,-8.25,118.75,2023,4,2023-04,
LAT-8.25_LON119.25,-8.25,119.25,2023,4,2023-04,
LAT-7.75_LON115.75,-7.75,115.75,2023,4,2023-04,
LAT-7.75_LON116.25,-7.75,116.25,2023,4,2023-04,
LAT-7.75_LON116.75,-7.75,116.75,2023,4,2023-04,
LAT-7.75_LON117.25,-7.75,117.25,2023,4,2023-04,
LAT-7.75_LON117.75,-7.75,117.75,2023,4,2023-04,
LAT-7.75_LON118.25,-7.75,118.25,2023,4,2023-04,
LAT-7.75_LON118.75,-7.75,118.75,2023,4,2023-04,
LAT-7.75_LON119.25,-7.75,119.25,2023,4,2023-04,
LAT-9.25_LON115.75,-9.25,115.75,2023,5,2023-05,
LAT-9.25_LON116.25,-9.25,116.25,2023,5,2023-05,
LAT-9.25_LON116.75,-9.25,116.75,2023,5,2023-05,
LAT-9.25_LON117.25,-9.25,117.25,2023,5,2023-05,
LAT-9.25_LON117.75,-9.25,117.75,2023,5,2023-05,
LAT-9.25_LON118.25,-9.25,118.25,2023,5,2023-05,
LAT-9.25_LON118.75,-9.25,118.75,2023,5,2023-05,
LAT-9.25_LON119.25,-9.25,119.25,2023,5,2023-05,
LAT-8.75_LON115.75,-8.75,115.75,2023,5,2023-05,
LAT-8.75_LON116.25,-8.75,116.25,2023,5,2023-05,34.20483795850508
LAT-8.75_LON116.75,-8.75,116.75,2023,5,2023-05,
LAT-8.75_LON117.25,-8.75,117.25,2023,5,2023-05,35.80595359302335
LAT-8.75_LON117.75,-8.75,117.75,2023,5,2023-05,
LAT-8.75_LON118.25,-8.75,118.25,2023,5,2023-05,
LAT-8.75_LON118.75,-8.75,118.75,2023,5,2023-05,34.729861467499866
LAT-8.75_LON119.25,-8.75,119.25,2023,5,2023-05,
LAT-8.25_LON115.75,-8.25,115.75,2023,5,2023-05,
LAT-8.25_LON116.25,-8.25,116.25,2023,5,2023-05,
LAT-8.25_LON116.75,-8.25,116.75,2023,5,2023-05,
LAT-8.25_LON117.25,-8.25,117.25,2023,5,2023-05,
LAT-8.25_LON117.75,-8.25,117.75,2023,5,2023-05,34.096416700347795
LAT-8.25_LON118.25,-8.25,118.25,2023,5,2023-05,
LAT-8.25_LON118.75,-8.25,118.75,2023,5,2023-05,
LAT-8.25_LON119.25,-8.25,119.25,2023,5,2023-05,
LAT-7.75_LON115.75,-7.75,115.75,2023,5,2023-05,
LAT-7.75_LON116.25,-7.75,116.25,2023,5,2023-05,
LAT-7.75_LON116.75,-7.75,116.75,2023,5,2023-05,
LAT-7.75_LON117.25,-7.75,117.25,2023,5,2023-05,
LAT-7.75_LON117.75,-7.75,117.75,2023,5,2023-05,
LAT-7.75_LON118.25,-7.75,118.25,2023,5,2023-05,
LAT-7.75_LON118.75,-7.75,118.75,2023,5,2023-05,
LAT-7.75_LON119.25,-7.75,119.25,2023,5,2023-05,
LAT-9.25_LON115.75,-9.25,115.75,2023,6,2023-06,
LAT-9.25_LON116.25,-9.25,116.25,2023,6,2023-06,
LAT-9.25_LON116.75,-9.25,116.75,2023,6,2023-06,
LAT-9.25_LON117.25,-9.25,117.25,2023,6,2023-06,
LAT-9.25_LON117.75,-9.25,117.75,2023,6,2023-06,
LAT-9.25_LON118.25,-9.25,118.25,2023,6,2023-06,
LAT-9.25_LON118.75,-9.25,118.75,2023,6,2023-06,
LAT-9.25_LON119.25,-9.25,119.25,2023,6,2023-06,
LAT-8.75_LON115.75,-8.75,115.75,2023,6,2023-06,
LAT-8.75_LON116.25,-8.75,116.25,2023,6,2023-06,28.78434797362488
LAT-8.75_LON116.75,-8.75,116.75,2023,6,2023-06,
LAT-8.75_LON117.25,-8.75,117.25,2023,6,2023-06,29.785501819809276
LAT-8.75_LON117.75,-8.75,117.75,2023,6,2023-06,
LAT-8.75_LON118.25,-8.75,118.25,2023,6,2023-06,
LAT-8.75_LON118.75,-8.75,118.75,2023,6,2023-06,30.51939538204668
LAT-8.75_LON119.25,-8.75,119.25,2023,6,2023-06,
LAT-8.25_LON115.75,-8.25,115.75,2023,6,2023-06,
LAT-8.25_LON116.25,-8.25,116.25,2023,6,2023-06,
LAT-8.25_LON116.75,-8.25,116.75,2023,6,2023-06,
LAT-8.25_LON117.25,-8.25,117.25,2023,6,2023-06,
LAT-8.25_LON117.75,-8.25,117.75,2023,6,2023-06,28.132642884095496
LAT-8.25_LON118.25,-8.25,118.25,2023,6,2023-06,
LAT-8.25_LON118.75,-8.25,118.75,2023,6,2023-06,
LAT-8.25_LON119.25,-8.25,119.25,2023,6,2023-06,
LAT-7.75_LON115.75,-7.75,115.75,2023,6,2023-06,
LAT-7.75_LON116.25,-7.75,116.25,2023,6,2023-06,
LAT-7.75_LON116.75,-7.75,116.75,2023,6,2023-06,
LAT-7.75_LON117.25,-7.75,117.25,2023,6,2023-06,
LAT-7.75_LON117.75,-7.75,117.75,2023,6,2023-06,
LAT-7.75_LON118.25,-7.75,118.25,2023,6,2023-06,
LAT-7.75_LON118.75,-7.75,118.75,2023,6,2023-06,
LAT-7.75_LON119.25,-7.75,119.25,2023,6,2023-06,
LAT-9.25_LON115.75,-9.25,115.75,2023,7,2023-07,
LAT-9.25_LON116.25,-9.25,116.25,2023,7,2023-07,
LAT-9.25_LON116.75,-9.25,116.75,2023,7,2023-07,
LAT-9.25_LON117.25,-9.25,117.25,2023,7,2023-07,
LAT-9.25_LON117.75,-9.25,117.75,2023,7,2023-07,
LAT-9.25_LON118.25,-9.25,118.25,2023,7,2023-07,
LAT-9.25_LON118.75,-9.25,118.75,2023,7,2023-07,
LAT-9.25_LON119.25,-9.25,119.25,2023,7,2023-07,
LAT-8.75_LON115.75,-8.75,115.75,2023,7,2023-07,
LAT-8.75_LON116.25,-8.75,116.25,2023,7,2023-07,25.414100561987958
LAT-8.75_LON116.75,-8.75,116.75,2023,7,2023-07,
LAT-8.75_LON117.25,-8.75,117.25,2023,7,2023-07,25.992634477615333
LAT-8.75_LON117.75,-8.75,117.75,2023,7,2023-07,
LAT-8.75_LON118.25,-8.75,118.25,2023,7,2023-07,
LAT-8.75_LON118.75,-8.75,118.75,2023,7,2023-07,27.69059961042098
LAT-8.75_LON119.25,-8.75,119.25,2023,7,2023-07,
LAT-8.25_LON115.75,-8.25,115.75,2023,7,2023-07,
LAT-8.25_LON116.25,-8.25,116.25,2023,7,2023-07,
LAT-8.25_LON116.75,-8.25,116.75,2023,7,2023-07,
LAT-8.25_LON117.25,-8.25,117.25,2023,7,2023-07,
LAT-8.25_LON117.75,-8.25,117.75,2023,7,2023-07,24.065523051023483
LAT-8.25_LON118.25,-8.25,118.25,2023,7,2023-07,
LAT-8.25_LON118.75,-8.25,118.75,2023,7,2023-07,
LAT-8.25_LON119.25,-8.25,119.25,2023,7,2023-07,
LAT-7.75_LON115.75,-7.75,115.75,2023,7,2023-07,
LAT-7.75_LON116.25,-7.75,116.25,2023,7,2023-07,
LAT-7.75_LON116.75,-7.75,116.75,2023,7,2023-07,
LAT-7.75_LON117.25,-7.75,117.25,2023,7,2023-07,
LAT-7.75_LON117.75,-7.75,117.75,2023,7,2023-07,
LAT-7.75_LON118.25,-7.75,118.25,2023,7,2023-07,
LAT-7.75_LON118.75,-7.75,118.75,2023,7,2023-07,
LAT-7.75_LON119.25,-7.75,119.25,2023,7,2023-07,
LAT-9.25_LON115.75,-9.25,115.75,2023,8,2023-08,
LAT-9.25_LON116.25,-9.25,116.25,2023,8,2023-08,
LAT-9.25_LON116.75,-9.25,116.75,2023,8,2023-08,
LAT-9.25_LON117.25,-9.25,117.25,2023,8,2023-08,
LAT-9.25_LON117.75,-9.25,117.75,2023,8,2023-08,
LAT-9.25_LON118.25,-9.25,118.25,2023,8,2023-08,
LAT-9.25_LON118.75,-9.25,118.75,2023,8,2023-08,
LAT-9.25_LON119.25,-9.25,119.25,2023,8,2023-08,
LAT-8.75_LON115.75,-8.75,115.75,2023,8,2023-08,
LAT-8.75_LON116.25,-8.75,116.25,2023,8,2023-08,22.53810638577706
LAT-8.75_LON116.75,-8.75,116.75,2023,8,2023-08,
LAT-8.75_LON117.25,-8.75,117.25,2023,8,2023-08,22.15259191432308
LAT-8.75_LON117.75,-8.75,117.75,2023,8,2023-08,
LAT-8.75_LON118.25,-8.75,118.25,2023,8,2023-08,
LAT-8.75_LON118.75,-8.75,118.75,2023,8,2023-08,25.213611738066533
LAT-8.75_LON119.25,-8.75,119.25,2023,8,2023-08,
LAT-8.25_LON115.75,-8.25,115.75,2023,8,2023-08,
LAT-8.25_LON116.25,-8.25,116.25,2023,8,2023-08,
LAT-8.25_LON116.75,-8.25,116.75,2023,8,2023-08,
LAT-8.25_LON117.25,-8.25,117.25,2023,8,2023-08,
LAT-8.25_LON117.75,-8.25,117.75,2023,8,2023-08,19.70340036469122
LAT-8.25_LON118.25,-8.25,118.25,2023,8,2023-08,
LAT-8.25_LON118.75,-8.25,118.75,2023,8,2023-08,
LAT-8.25_LON119.25,-8.25,119.25,2023,8,2023-08,
LAT-7.75_LON115.75,-7.75,115.75,2023,8,2023-08,
LAT-7.75_LON116.25,-7.75,116.25,2023,8,2023-08,
LAT-7.75_LON116.75,-7.75,116.75,2023,8,2023-08,
LAT-7.75_LON117.25,-7.75,117.25,2023,8,2023-08,
LAT-7.75_LON117.75,-7.75,117.75,2023,8,2023-08,
LAT-7.75_LON118.25,-7.75,118.25,2023,8,2023-08,
LAT-7.75_LON118.75,-7.75,118.75,2023,8,2023-08,
LAT-7.75_LON119.25,-7.75,119.25,2023,8,2023-08,
LAT-9.25_LON115.75,-9.25,115.75,2023,9,2023-09,
LAT-9.25_LON116.25,-9.25,116.25,2023,9,2023-09,
LAT-9.25_LON116.75,-9.25,116.75,2023,9,2023-09,
LAT-9.25_LON117.25,-9.25,117.25,2023,9,2023-09,
LAT-9.25_LON117.75,-9.25,117.75,2023,9,2023-09,
LAT-9.25_LON118.25,-9.25,118.25,2023,9,2023-09,
LAT-9.25_LON118.75,-9.25,118.75,2023,9,2023-09,
LAT-9.25_LON119.25,-9.25,119.25,2023,9,2023-09,
LAT-8.75_LON115.75,-8.75,115.75,2023,9,2023-09,
LAT-8.75_LON116.25,-8.75,116.25,2023,9,2023-09,20.362097151676828
LAT-8.75_LON116.75,-8.75,116.75,2023,9,2023-09,
LAT-8.75_LON117.25,-8.75,117.25,2023,9,2023-09,19.06184060255686
LAT-8.75_LON117.75,-8.75,117.75,2023,9,2023-09,
LAT-8.75_LON118.25,-8.75,118.25,2023,9,2023-09,
LAT-8.75_LON118.75,-8.75,118.75,2023,9,2023-09,23.45668669140338
LAT-8.75_LON119.25,-8.75,119.25,2023,9,2023-09,
LAT-8.25_LON115.75,-8.25,115.75,2023,9,2023-09,
LAT-8.25_LON116.25,-8.25,116.25,2023,9,2023-09,
LAT-8.25_LON116.75,-8.25,116.75,2023,9,2023-09,
LAT-8.25_LON117.25,-8.25,117.25,2023,9,2023-09,
LAT-8.25_LON117.75,-8.25,117.75,2023,9,2023-09,15.720210736751559
LAT-8.25_LON118.25,-8.25,118.25,2023,9,2023-09,
LAT-8.25_LON118.75,-8.25,118.75,2023,9,2023-09,
LAT-8.25_LON119.25,-8.25,119.25,2023,9,2023-09,
LAT-7.75_LON115.75,-7.75,115.75,2023,9,2023-09,
LAT-7.75_LON116.25,-7.75,116.25,2023,9,2023-09,
LAT-7.75_LON116.75,-7.75,116.75,2023,9,2023-09,
LAT-7.75_LON117.25,-7.75,117.25,2023,9,2023-09,
LAT-7.75_LON117.75,-7.75,117.75,2023,9,2023-09,
LAT-7.75_LON118.25,-7.75,118.25,2023,9,2023-09,
LAT-7.75_LON118.75,-7.75,118.75,2023,9,2023-09,
LAT-7.75_LON119.25,-7.75,119.25,2023,9,2023-09,
LAT-9.25_LON115.75,-9.25,115.75,2023,10,2023-10,
LAT-9.25_LON116.25,-9.25,116.25,2023,10,2023-10,
LAT-9.25_LON116.75,-9.25,116.75,2023,10,2023-10,
LAT-9.25_LON117.25,-9.25,117.25,2023,10,2023-10,
LAT-9.25_LON117.75,-9.25,117.75,2023,10,2023-10,
LAT-9.25_LON118.25,-9.25,118.25,2023,10,2023-10,
LAT-9.25_LON118.75,-9.25,118.75,2023,10,2023-10,
LAT-9.25_LON119.25,-9.25,119.25,2023,10,2023-10,
LAT-8.75_LON115.75,-8.75,115.75,2023,10,2023-10,
LAT-8.75_LON116.25,-8.75,116.25,2023,10,2023-10,19.00617105111
LAT-8.75_LON116.75,-8.75,116.75,2023,10,2023-10,
LAT-8.75_LON117.25,-8.75,117.25,2023,10,2023-10,17.42918902781701
LAT-8.75_LON117.75,-8.75,117.75,2023,10,2023-10,
LAT-8.75_LON118.25,-8.75,118.25,2023,10,2023-10,
LAT-8.75_LON118.75,-8.75,118.75,2023,10,2023-10,22.37734267761632
LAT-8.75_LON119.25,-8.75,119.25,2023,10,2023-10,
LAT-8.25_LON115.75,-8.25,115.75,2023,10,2023-10,
LAT-8.25_LON116.25,-8.25,116.25,2023,10,2023-10,
LAT-8.25_LON116.75,-8.25,116.75,2023,10,2023-10,
LAT-8.25_LON117.25,-8.25,117.25,2023,10,2023-10,
LAT-8.25_LON117.75,-8.25,117.75,2023,10,2023-10,13.172252801079903
LAT-8.25_LON118.25,-8.25,118.25,2023,10,2023-10,
LAT-8.25_LON118.75,-8.25,118.75,2023,10,2023-10,
LAT-8.25_LON119.25,-8.25,119.25,2023,10,2023-10,
LAT-7.75_LON115.75,-7.75,115.75,2023,10,2023-10,
LAT-7.75_LON116.25,-7.75,116.25,2023,10,2023-10,
LAT-7.75_LON116.75,-7.75,116.75,2023,10,2023-10,
LAT-7.75_LON117.25,-7.75,117.25,2023,10,2023-10,
LAT-7.75_LON117.75,-7.75,117.75,2023,10,2023-10,
LAT-7.75_LON118.25,-7.75,118.25,2023,10,2023-10,
LAT-7.75_LON118.75,-7.75,118.75,2023,10,2023-10,
LAT-7.75_LON119.25,-7.75,119.25,2023,10,2023-10,
LAT-9.25_LON115.75,-9.25,115.75,2023,11,2023-11,
LAT-9.25_LON116.25,-9.25,116.25,2023,11,2023-11,
LAT-9.25_LON116.75,-9.25,116.75,2023,11,2023-11,
LAT-9.25_LON117.25,-9.25,117.25,2023,11,2023-11,
LAT-9.25_LON117.75,-9.25,117.75,2023,11,2023-11,
LAT-9.25_LON118.25,-9.25,118.25,2023,11,2023-11,
LAT-9.25_LON118.75,-9.25,118.75,2023,11,2023-11,
LAT-9.25_LON119.25,-9.25,119.25,2023,11,2023-11,
LAT-8.75_LON115.75,-8.75,115.75,2023,11,2023-11,
LAT-8.75_LON116.25,-8.75,116.25,2023,11,2023-11,18.17471080517769
LAT-8.75_LON116.75,-8.75,116.75,2023,11,2023-11,
LAT-8.75_LON117.25,-8.75,117.25,2023,11,2023-11,16.869734545230855
LAT-8.75_LON117.75,-8.75,117.75,2023,11,2023-11,
LAT-8.75_LON118.25,-8.75,118.25,2023,11,2023-11,
LAT-8.75_LON118.75,-8.75,118.75,2023,11,2023-11,21.71269841774306
LAT-8.75_LON119.25,-8.75,119.25,2023,11,2023-11,
LAT-8.25_LON115.75,-8.25,115.75,2023,11,2023-11,
LAT-8.25_LON116.25,-8.25,116.25,2023,11,2023-11,
LAT-8.25_LON116.75,-8.25,116.75,2023,11,2023-11,
LAT-8.25_LON117.25,-8.25,117.25,2023,11,2023-11,
LAT-8.25_LON117.75,-8.25,117.75,2023,11,2023-11,11.85710191520055
LAT-8.25_LON118.25,-8.25,118.25,2023,11,2023-11,
LAT-8.25_LON118.75,-8.25,118.75,2023,11,2023-11,
LAT-8.25_LON119.25,-8.25,119.25,2023,11,2023-11,
LAT-7.75_LON115.75,-7.75,115.75,2023,11,2023-11,
LAT-7.75_LON116.25,-7.75,116.25,2023,11,2023-11,
LAT-7.75_LON116.75,-7.75,116.75,2023,11,2023-11,
LAT-7.75_LON117.25,-7.75,117.25,2023,11,2023-11,
LAT-7.75_LON117.75,-7.75,117.75,2023,11,2023-11,
LAT-7.75_LON118.25,-7.75,118.25,2023,11,2023-11,
LAT-7.75_LON118.75,-7.75,118.75,2023,11,2023-11,
LAT-7.75_LON119.25,-7.75,119.25,2023,11,2023-11,
LAT-9.25_LON115.75,-9.25,115.75,2023,12,2023-12,
LAT-9.25_LON116.25,-9.25,116.25,2023,12,2023-12,
LAT-9.25_LON116.75,-9.25,116.75,2023,12,2023-12,
LAT-9.25_LON117.25,-9.25,117.25,2023,12,2023-12,
LAT-9.25_LON117.75,-9.25,117.75,2023,12,2023-12,
LAT-9.25_LON118.25,-9.25,118.25,2023,12,2023-12,
LAT-9.25_LON118.75,-9.25,118.75,2023,12,2023-12,
LAT-9.25_LON119.25,-9.25,119.25,2023,12,2023-12,
LAT-8.75_LON115.75,-8.75,115.75,2023,12,2023-12,
LAT-8.75_LON116.25,-8.75,116.25,2023,12,2023-12,20.757023198989142
LAT-8.75_LON116.75,-8.75,116.75,2023,12,2023-12,
LAT-8.75_LON117.25,-8.75,117.25,2023,12,2023-12,19.608324870832504
LAT-8.75_LON117.75,-8.75,117.75,2023,12,2023-12,
LAT-8.75_LON118.25,-8.75,118.25,2023,12,2023-12,
LAT-8.75_LON118.75,-8.75,118.75,2023,12,2023-12,22.627706947557392
LAT-8.75_LON119.25,-8.75,119.25,2023,12,2023-12,
LAT-8.25_LON115.75,-8.25,115.75,2023,12,2023-12,
LAT-8.25_LON116.25,-8.25,116.25,2023,12,2023-12,
LAT-8.25_LON116.75,-8.25,116.75,2023,12,2023-12,
LAT-8.25_LON117.25,-8.25,117.25,2023,12,2023-12,
LAT-8.25_LON117.75,-8.25,117.75,2023,12,2023-12,14.366905869822348
LAT-8.25_LON118.25,-8.25,118.25,2023,12,2023-12,
LAT-8.25_LON118.75,-8.25,118.75,2023,12,2023-12,
LAT-8.25_LON119.25,-8.25,119.25,2023,12,2023-12,
LAT-7.75_LON115.75,-7.75,115.75,2023,12,2023-12,
LAT-7.75_LON116.25,-7.75,116.25,2023,12,2023-12,
LAT-7.75_LON116.75,-7.75,116.75,2023,12,2023-12,
LAT-7.75_LON117.25,-7.75,117.25,2023,12,2023-12,
LAT-7.75_LON117.75,-7.75,117.75,2023,12,2023-12,
LAT-7.75_LON118.25,-7.75,118.25,2023,12,2023-12,
LAT-7.75_LON118.75,-7.75,118.75,2023,12,2023-12,
LAT-7.75_LON119.25,-7.75,119.25,2023,12,2023-12,
LAT-9.25_LON115.75,-9.25,115.75,2024,1,2024-01,
LAT-9.25_LON116.25,-9.25,116.25,2024,1,2024-01,
LAT-9.25_LON116.75,-9.25,116.75,2024,1,2024-01,
LAT-9.25_LON117.25,-9.25,117.25,2024,1,2024-01,
LAT-9.25_LON117.75,-9.25,117.75,2024,1,2024-01,
LAT-9.25_LON118.25,-9.25,118.25,2024,1,2024-01,
LAT-9.25_LON118.75,-9.25,118.75,2024,1,2024-01,
LAT-9.25_LON119.25,-9.25,119.25,2024,1,2024-01,
LAT-8.75_LON115.75,-8.75,115.75,2024,1,2024-01,
LAT-8.75_LON116.25,-8.75,116.25,2024,1,2024-01,24.012472448118263
LAT-8.75_LON116.75,-8.75,116.75,2024,1,2024-01,
LAT-8.75_LON117.25,-8.75,117.25,2024,1,2024-01,22.34666490739392
LAT-8.75_LON117.75,-8.75,117.75,2024,1,2024-01,
LAT-8.75_LON118.25,-8.75,118.25,2024,1,2024-01,
LAT-8.75_LON118.75,-8.75,118.75,2024,1,2024-01,24.204441367887675
LAT-8.75_LON119.25,-8.75,119.25,2024,1,2024-01,
LAT-8.25_LON115.75,-8.25,115.75,2024,1,2024-01,
LAT-8.25_LON116.25,-8.25,116.25,2024,1,2024-01,
LAT-8.25_LON116.75,-8.25,116.75,2024,1,2024-01,
LAT-8.25_LON117.25,-8.25,117.25,2024,1,2024-01,
LAT-8.25_LON117.75,-8.25,117.75,2024,1,2024-01,17.846075363543726
LAT-8.25_LON118.25,-8.25,118.25,2024,1,2024-01,
LAT-8.25_LON118.75,-8.25,118.75,2024,1,2024-01,
LAT-8.25_LON119.25,-8.25,119.25,2024,1,2024-01,
LAT-7.75_LON115.75,-7.75,115.75,2024,1,2024-01,
LAT-7.75_LON116.25,-7.75,116.25,2024,1,2024-01,
LAT-7.75_LON116.75,-7.75,116.75,2024,1,2024-01,
LAT-7.75_LON117.25,-7.75,117.25,2024,1,2024-01,
LAT-7.75_LON117.75,-7.75,117.75,2024,1,2024-01,
LAT-7.75_LON118.25,-7.75,118.25,2024,1,2024-01,
LAT-7.75_LON118.75,-7.75,118.75,2024,1,2024-01,
LAT-7.75_LON119.25,-7.75,119.25,2024,1,2024-01,
LAT-9.25_LON115.75,-9.25,115.75,2024,2,2024-02,
LAT-9.25_LON116.25,-9.25,116.25,2024,2,2024-02,
LAT-9.25_LON116.75,-9.25,116.75,2024,2,2024-02,
LAT-9.25_LON117.25,-9.25,117.25,2024,2,2024-02,
LAT-9.25_LON117.75,-9.25,117.75,2024,2,2024-02,
LAT-9.25_LON118.25,-9.25,118.25,2024,2,2024-02,
LAT-9.25_LON118.75,-9.25,118.75,2024,2,2024-02,
LAT-9.25_LON119.25,-9.25,119.25,2024,2,2024-02,
LAT-8.75_LON115.75,-8.75,115.75,2024,2,2024-02,
LAT-8.75_LON116.25,-8.75,116.25,2024,2,2024-02,28.392916475328914
LAT-8.75_LON116.75,-8.75,116.75,2024,2,2024-02,
LAT-8.75_LON117.25,-8.75,117.25,2024,2,2024-02,26.851184421901056
LAT-8.75_LON117.75,-8.75,117.75,2024,2,2024-02,
LAT-8.75_LON118.25,-8.75,118.25,2024,2,2024-02,
LAT-8.75_LON118.75,-8.75,118.75,2024,2,2024-02,26.998104910603875
LAT-8.75_LON119.25,-8.75,119.25,2024,2,2024-02,
LAT-8.25_LON115.75,-8.25,115.75,2024,2,2024-02,
LAT-8.25_LON116.25,-8.25,116.25,2024,2,2024-02,
LAT-8.25_LON116.75,-8.25,116.75,2024,2,2024-02,
LAT-8.25_LON117.25,-8.25,117.25,2024,2,2024-02,
LAT-8.25_LON117.75,-8.25,117.75,2024,2,2024-02,24.502822842022475
LAT-8.25_LON118.25,-8.25,118.25,2024,2,2024-02,
LAT-8.25_LON118.75,-8.25,118.75,2024,2,2024-02,
LAT-8.25_LON119.25,-8.25,119.25,2024,2,2024-02,
LAT-7.75_LON115.75,-7.75,115.75,2024,2,2024-02,
LAT-7.75_LON116.25,-7.75,116.25,2024,2,2024-02,
LAT-7.75_LON116.75,-7.75,116.75,2024,2,2024-02,
LAT-7.75_LON117.25,-7.75,117.25,2024,2,2024-02,
LAT-7.75_LON117.75,-7.75,117.75,2024,2,2024-02,
LAT-7.75_LON118.25,-7.75,118.25,2024,2,2024-02,
LAT-7.75_LON118.75,-7.75,118.75,2024,2,2024-02,
LAT-7.75_LON119.25,-7.75,119.25,2024,2,2024-02,
LAT-9.25_LON115.75,-9.25,115.75,2024,3,2024-03,
LAT-9.25_LON116.25,-9.25,116.25,2024,3,2024-03,
LAT-9.25_LON116.75,-9.25,116.75,2024,3,2024-03,
LAT-9.25_LON117.25,-9.25,117.25,2024,3,2024-03,
LAT-9.25_LON117.75,-9.25,117.75,2024,3,2024-03,
LAT-9.25_LON118.25,-9.25,118.25,2024,3,2024-03,
LAT-9.25_LON118.75,-9.25,118.75,2024,3,2024-03,
LAT-9.25_LON119.25,-9.25,119.25,2024,3,2024-03,
LAT-8.75_LON115.75,-8.75,115.75,2024,3,2024-03,
LAT-8.75_LON116.25,-8.75,116.25,2024,3,2024-03,38.78662311915429
LAT-8.75_LON116.75,-8.75,116.75,2024,3,2024-03,
LAT-8.75_LON117.25,-8.75,117.25,2024,3,2024-03,36.7278810756437
LAT-8.75_LON117.75,-8.75,117.75,2024,3,2024-03,
LAT-8.75_LON118.25,-8.75,118.25,2024,3,2024-03,
LAT-8.75_LON118.75,-8.75,118.75,2024,3,2024-03,33.673096657337666
LAT-8.75_LON119.25,-8.75,119.25,2024,3,2024-03,
LAT-8.25_LON115.75,-8.25,115.75,2024,3,2024-03,
LAT-8.25_LON116.25,-8.25,116.25,2024,3,2024-03,
LAT-8.25_LON116.75,-8.25,116.75,2024,3,2024-03,
LAT-8.25_LON117.25,-8.25,117.25,2024,3,2024-03,
LAT-8.25_LON117.75,-8.25,117.75,2024,3,2024-03,35.92010429889921
LAT-8.25_LON118.25,-8.25,118.25,2024,3,2024-03,
LAT-8.25_LON118.75,-8.25,118.75,2024,3,2024-03,
LAT-8.25_LON119.25,-8.25,119.25,2024,3,2024-03,
LAT-7.75_LON115.75,-7.75,115.75,2024,3,2024-03,
LAT-7.75_LON116.25,-7.75,116.25,2024,3,2024-03,
LAT-7.75_LON116.75,-7.75,116.75,2024,3,2024-03,
LAT-7.75_LON117.25,-7.75,117.25,2024,3,2024-03,
LAT-7.75_LON117.75,-7.75,117.75,2024,3,2024-03,
LAT-7.75_LON118.25,-7.75,118.25,2024,3,2024-03,
LAT-7.75_LON118.75,-7.75,118.75,2024,3,2024-03,
LAT-7.75_LON119.25,-7.75,119.25,2024,3,2024-03,
LAT-9.25_LON115.75,-9.25,115.75,2024,4,2024-04,
LAT-9.25_LON116.25,-9.25,116.25,2024,4,2024-04,
LAT-9.25_LON116.75,-9.25,116.75,2024,4,2024-04,
LAT-9.25_LON117.25,-9.25,117.25,2024,4,2024-04,
LAT-9.25_LON117.75,-9.25,117.75,2024,4,2024-04,
LAT-9.25_LON118.25,-9.25,118.25,2024,4,2024-04,
LAT-9.25_LON118.75,-9.25,118.75,2024,4,2024-04,
LAT-9.25_LON119.25,-9.25,119.25,2024,4,2024-04,
LAT-8.75_LON115.75,-8.75,115.75,2024,4,2024-04,
LAT-8.75_LON116.25,-8.75,116.25,2024,4,2024-04,39.349248785257345
LAT-8.75_LON116.75,-8.75,116.75,2024,4,2024-04,
LAT-8.75_LON117.25,-8.75,117.25,2024,4,2024-04,40.14228301787376
LAT-8.75_LON117.75,-8.75,117.75,2024,4,2024-04,
LAT-8.75_LON118.25,-8.75,118.25,2024,4,2024-04,
LAT-8.75_LON118.75,-8.75,118.75,2024,4,2024-04,36.93227129093806
LAT-8.75_LON119.25,-8.75,119.25,2024,4,2024-04,
LAT-8.25_LON115.75,-8.25,115.75,2024,4,2024-04,
LAT-8.25_LON116.25,-8.25,116.25,2024,4,2024-04,
LAT-8.25_LON116.75,-8.25,116.75,2024,4,2024-04,
LAT-8.25_LON117.25,-8.25,117.25,2024,4,2024-04,
LAT-8.25_LON117.75,-8.25,117.75,2024,4,2024-04,39.7730937372049
LAT-8.25_LON118.25,-8.25,118.25,2024,4,2024-04,
LAT-8.25_LON118.75,-8.25,118.75,2024,4,2024-04,
LAT-8.25_LON119.25,-8.25,119.25,2024,4,2024-04,
LAT-7.75_LON115.75,-7.75,115.75,2024,4,2024-04,
LAT-7.75_LON116.25,-7.75,116.25,2024,4,2024-04,
LAT-7.75_LON116.75,-7.75,116.75,2024,4,2024-04,
LAT-7.75_LON117.25,-7.75,117.25,2024,4,2024-04,
LAT-7.75_LON117.75,-7.75,117.75,2024,4,2024-04,
LAT-7.75_LON118.25,-7.75,118.25,2024,4,2024-04,
LAT-7.75_LON118.75,-7.75,118.75,2024,4,2024-04,
LAT-7.75_LON119.25,-7.75,119.25,2024,4,2024-04,
LAT-9.25_LON115.75,-9.25,115.75,2024,5,2024-05,
LAT-9.25_LON116.25,-9.25,116.25,2024,5,2024-05,
LAT-9.25_LON116.75,-9.25,116.75,2024,5,2024-05,
LAT-9.25_LON117.25,-9.25,117.25,2024,5,2024-05,
LAT-9.25_LON117.75,-9.25,117.75,2024,5,2024-05,
LAT-9.25_LON118.25,-9.25,118.25,2024,5,2024-05,
LAT-9.25_LON118.75,-9.25,118.75,2024,5,2024-05,
LAT-9.25_LON119.25,-9.25,119.25,2024,5,2024-05,
LAT-8.75_LON115.75,-8.75,115.75,2024,5,2024-05,
LAT-8.75_LON116.25,-8.75,116.25,2024,5,2024-05,35.52549532082773
LAT-8.75_LON116.75,-8.75,116.75,2024,5,2024-05,
LAT-8.75_LON117.25,-8.75,117.25,2024,5,2024-05,34.688996755923
LAT-8.75_LON117.75,-8.75,117.75,2024,5,2024-05,
LAT-8.75_LON118.25,-8.75,118.25,2024,5,2024-05,
LAT-8.75_LON118.75,-8.75,118.75,2024,5,2024-05,33.57022078537174
LAT-8.75_LON119.25,-8.75,119.25,2024,5,2024-05,
LAT-8.25_LON115.75,-8.25,115.75,2024,5,2024-05,
LAT-8.25_LON116.25,-8.25,116.25,2024,5,2024-05,
LAT-8.25_LON116.75,-8.25,116.75,2024,5,2024-05,
LAT-8.25_LON117.25,-8.25,117.25,2024,5,2024-05,
LAT-8.25_LON117.75,-8.25,117.75,2024,5,2024-05,34.02242974719693
LAT-8.25_LON118.25,-8.25,118.25,2024,5,2024-05,
LAT-8.25_LON118.75,-8.25,118.75,2024,5,2024-05,
LAT-8.25_LON119.25,-8.25,119.25,2024,5,2024-05,
LAT-7.75_LON115.75,-7.75,115.75,2024,5,2024-05,
LAT-7.75_LON116.25,-7.75,116.25,2024,5,2024-05,
LAT-7.75_LON116.75,-7.75,116.75,2024,5,2024-05,
LAT-7.75_LON117.25,-7.75,117.25,2024,5,2024-05,
LAT-7.75_LON117.75,-7.75,117.75,2024,5,2024-05,
LAT-7.75_LON118.25,-7.75,118.25,2024,5,2024-05,
LAT-7.75_LON118.75,-7.75,118.75,2024,5,2024-05,
LAT-7.75_LON119.25,-7.75,119.25,2024,5,2024-05,
LAT-9.25_LON115.75,-9.25,115.75,2024,6,2024-06,
LAT-9.25_LON116.25,-9.25,116.25,2024,6,2024-06,
LAT-9.25_LON116.75,-9.25,116.75,2024,6,2024-06,
LAT-9.25_LON117.25,-9.25,117.25,2024,6,2024-06,
LAT-9.25_LON117.75,-9.25,117.75,2024,6,2024-06,
LAT-9.25_LON118.25,-9.25,118.25,2024,6,2024-06,
LAT-9.25_LON118.75,-9.25,118.75,2024,6,2024-06,
LAT-9.25_LON119.25,-9.25,119.25,2024,6,2024-06,
LAT-8.75_LON115.75,-8.75,115.75,2024,6,2024-06,
LAT-8.75_LON116.25,-8.75,116.25,2024,6,2024-06,29.724306266705224
LAT-8.75_LON116.75,-8.75,116.75,2024,6,2024-06,
LAT-8.75_LON117.25,-8.75,117.25,2024,6,2024-06,28.816464966456106
LAT-8.75_LON117.75,-8.75,117.75,2024,6,2024-06,
LAT-8.75_LON118.25,-8.75,118.25,2024,6,2024-06,
LAT-8.75_LON118.75,-8.75,118.75,2024,6,2024-06,29.23627958754698
LAT-8.75_LON119.25,-8.75,119.25,2024,6,2024-06,
LAT-8.25_LON115.75,-8.25,115.75,2024,6,2024-06,
LAT-8.25_LON116.25,-8.25,116.25,2024,6,2024-06,
LAT-8.25_LON116.75,-8.25,116.75,2024,6,2024-06,
LAT-8.25_LON117.25,-8.25,117.25,2024,6,2024-06,
LAT-8.25_LON117.75,-8.25,117.75,2024,6,2024-06,27.93787561440467
LAT-8.25_LON118.25,-8.25,118.25,2024,6,2024-06,
LAT-8.25_LON118.75,-8.25,118.75,2024,6,2024-06,
LAT-8.25_LON119.25,-8.25,119.25,2024,6,2024-06,
LAT-7.75_LON115.75,-7.75,115.75,2024,6,2024-06,
LAT-7.75_LON116.25,-7.75,116.25,2024,6,2024-06,
LAT-7.75_LON116.75,-7.75,116.75,2024,6,2024-06,
LAT-7.75_LON117.25,-7.75,117.25,2024,6,2024-06,
LAT-7.75_LON117.75,-7.75,117.75,2024,6,2024-06,
LAT-7.75_LON118.25,-7.75,118.25,2024,6,2024-06,
LAT-7.75_LON118.75,-7.75,118.75,2024,6,2024-06,
LAT-7.75_LON119.25,-7.75,119.25,2024,6,2024-06,
LAT-9.25_LON115.75,-9.25,115.75,2024,7,2024-07,
LAT-9.25_LON116.25,-9.25,116.25,2024,7,2024-07,
LAT-9.25_LON116.75,-9.25,116.75,2024,7,2024-07,
LAT-9.25_LON117.25,-9.25,117.25,2024,7,2024-07,
LAT-9.25_LON117.75,-9.25,117.75,2024,7,2024-07,
LAT-9.25_LON118.25,-9.25,118.25,2024,7,2024-07,
LAT-9.25_LON118.75,-9.25,118.75,2024,7,2024-07,
LAT-9.25_LON119.25,-9.25,119.25,2024,7,2024-07,
LAT-8.75_LON115.75,-8.75,115.75,2024,7,2024-07,
LAT-8.75_LON116.25,-8.75,116.25,2024,7,2024-07,26.29021815426889
LAT-8.75_LON116.75,-8.75,116.75,2024,7,2024-07,
LAT-8.75_LON117.25,-8.75,117.25,2024,7,2024-07,24.92942511181678
LAT-8.75_LON117.75,-8.75,117.75,2024,7,2024-07,
LAT-8.75_LON118.25,-8.75,118.25,2024,7,2024-07,
LAT-8.75_LON118.75,-8.75,118.75,2024,7,2024-07,26.751826095273408
LAT-8.75_LON119.25,-8.75,119.25,2024,7,2024-07,
LAT-8.25_LON115.75,-8.25,115.75,2024,7,2024-07,
LAT-8.25_LON116.25,-8.25,116.25,2024,7,2024-07,
LAT-8.25_LON116.75,-8.25,116.75,2024,7,2024-07,
LAT-8.25_LON117.25,-8.25,117.25,2024,7,2024-07,
LAT-8.25_LON117.75,-8.25,117.75,2024,7,2024-07,23.840604347567385
LAT-8.25_LON118.25,-8.25,118.25,2024,7,2024-07,
LAT-8.25_LON118.75,-8.25,118.75,2024,7,2024-07,
LAT-8.25_LON119.25,-8.25,119.25,2024,7,2024-07,
LAT-7.75_LON115.75,-7.75,115.75,2024,7,2024-07,
LAT-7.75_LON116.25,-7.75,116.25,2024,7,2024-07,
LAT-7.75_LON116.75,-7.75,116.75,2024,7,2024-07,
LAT-7.75_LON117.25,-7.75,117.25,2024,7,2024-07,
LAT-7.75_LON117.75,-7.75,117.75,2024,7,2024-07,
LAT-7.75_LON118.25,-7.75,118.25,2024,7,2024-07,
LAT-7.75_LON118.75,-7.75,118.75,2024,7,2024-07,
LAT-7.75_LON119.25,-7.75,119.25,2024,7,2024-07,
LAT-9.25_LON115.75,-9.25,115.75,2024,8,2024-08,
LAT-9.25_LON116.25,-9.25,116.25,2024,8,2024-08,
LAT-9.25_LON116.75,-9.25,116.75,2024,8,2024-08,
LAT-9.25_LON117.25,-9.25,117.25,2024,8,2024-08,
LAT-9.25_LON117.75,-9.25,117.75,2024,8,2024-08,
LAT-9.25_LON118.25,-9.25,118.25,2024,8,2024-08,
LAT-9.25_LON118.75,-9.25,118.75,2024,8,2024-08,
LAT-9.25_LON119.25,-9.25,119.25,2024,8,2024-08,
LAT-8.75_LON115.75,-8.75,115.75,2024,8,2024-08,
LAT-8.75_LON116.25,-8.75,116.25,2024,8,2024-08,22.90305427947351
LAT-8.75_LON116.75,-8.75,116.75,2024,8,2024-08,
LAT-8.75_LON117.25,-8.75,117.25,2024,8,2024-08,21.04268867973358
LAT-8.75_LON117.75,-8.75,117.75,2024,8,2024-08,
LAT-8.75_LON118.25,-8.75,118.25,2024,8,2024-08,
LAT-8.75_LON118.75,-8.75,118.75,2024,8,2024-08,24.262354187157847
LAT-8.75_LON119.25,-8.75,119.25,2024,8,2024-08,
LAT-8.25_LON115.75,-8.25,115.75,2024,8,2024-08,
LAT-8.25_LON116.25,-8.25,116.25,2024,8,2024-08,
LAT-8.25_LON116.75,-8.25,116.75,2024,8,2024-08,
LAT-8.25_LON117.25,-8.25,117.25,2024,8,2024-08,
LAT-8.25_LON117.75,-8.25,117.75,2024,8,2024-08,18.910530192890455
LAT-8.25_LON118.25,-8.25,118.25,2024,8,2024-08,
LAT-8.25_LON118.75,-8.25,118.75,2024,8,2024-08,
LAT-8.25_LON119.25,-8.25,119.25,2024,8,2024-08,
LAT-7.75_LON115.75,-7.75,115.75,2024,8,2024-08,
LAT-7.75_LON116.25,-7.75,116.25,2024,8,2024-08,
LAT-7.75_LON116.75,-7.75,116.75,2024,8,2024-08,
LAT-7.75_LON117.25,-7.75,117.25,2024,8,2024-08,
LAT-7.75_LON117.75,-7.75,117.75,2024,8,2024-08,
LAT-7.75_LON118.25,-7.75,118.25,2024,8,2024-08,
LAT-7.75_LON118.75,-7.75,118.75,2024,8,2024-08,
LAT-7.75_LON119.25,-7.75,119.25,2024,8,2024-08,
LAT-9.25_LON115.75,-9.25,115.75,2024,9,2024-09,
LAT-9.25_LON116.25,-9.25,116.25,2024,9,2024-09,
LAT-9.25_LON116.75,-9.25,116.75,2024,9,2024-09,
LAT-9.25_LON117.25,-9.25,117.25,2024,9,2024-09,
LAT-9.25_LON117.75,-9.25,117.75,2024,9,2024-09,
LAT-9.25_LON118.25,-9.25,118.25,2024,9,2024-09,
LAT-9.25_LON118.75,-9.25,118.75,2024,9,2024-09,
LAT-9.25_LON119.25,-9.25,119.25,2024,9,2024-09,
LAT-8.75_LON115.75,-8.75,115.75,2024,9,2024-09,
LAT-8.75_LON116.25,-8.75,116.25,2024,9,2024-09,20.68849659268061
LAT-8.75_LON116.75,-8.75,116.75,2024,9,2024-09,
LAT-8.75_LON117.25,-8.75,117.25,2024,9,2024-09,18.395553932865464
LAT-8.75_LON117.75,-8.75,117.75,2024,9,2024-09,
LAT-8.75_LON118.25,-8.75,118.25,2024,9,2024-09,
LAT-8.75_LON118.75,-8.75,118.75,2024,9,2024-09,22.72965626247725
LAT-8.75_LON119.25,-8.75,119.25,2024,9,2024-09,
LAT-8.25_LON115.75,-8.25,115.75,2024,9,2024-09,
LAT-8.25_LON116.25,-8.25,116.25,2024,9,2024-09,
LAT-8.25_LON116.75,-8.25,116.75,2024,9,2024-09,
LAT-8.25_LON117.25,-8.25,117.25,2024,9,2024-09,
LAT-8.25_LON117.75,-8.25,117.75,2024,9,2024-09,14.932396381100016
LAT-8.25_LON118.25,-8.25,118.25,2024,9,2024-09,
LAT-8.25_LON118.75,-8.25,118.75,2024,9,2024-09,
LAT-8.25_LON119.25,-8.25,119.25,2024,9,2024-09,
LAT-7.75_LON115.75,-7.75,115.75,2024,9,2024-09,
LAT-7.75_LON116.25,-7.75,116.25,2024,9,2024-09,
LAT-7.75_LON116.75,-7.75,116.75,2024,9,2024-09,
LAT-7.75_LON117.25,-7.75,117.25,2024,9,2024-09,
LAT-7.75_LON117.75,-7.75,117.75,2024,9,2024-09,
LAT-7.75_LON118.25,-7.75,118.25,2024,9,2024-09,
LAT-7.75_LON118.75,-7.75,118.75,2024,9,2024-09,
LAT-7.75_LON119.25,-7.75,119.25,2024,9,2024-09,
LAT-9.25_LON115.75,-9.25,115.75,2024,10,2024-10,
LAT-9.25_LON116.25,-9.25,116.25,2024,10,2024-10,
LAT-9.25_LON116.75,-9.25,116.75,2024,10,2024-10,
LAT-9.25_LON117.25,-9.25,117.25,2024,10,2024-10,
LAT-9.25_LON117.75,-9.25,117.75,2024,10,2024-10,
LAT-9.25_LON118.25,-9.25,118.25,2024,10,2024-10,
LAT-9.25_LON118.75,-9.25,118.75,2024,10,2024-10,
LAT-9.25_LON119.25,-9.25,119.25,2024,10,2024-10,
LAT-8.75_LON115.75,-8.75,115.75,2024,10,2024-10,
LAT-8.75_LON116.25,-8.75,116.25,2024,10,2024-10,19.53378850275472
LAT-8.75_LON116.75,-8.75,116.75,2024,10,2024-10,
LAT-8.75_LON117.25,-8.75,117.25,2024,10,2024-10,17.39601715141727
LAT-8.75_LON117.75,-8.75,117.75,2024,10,2024-10,
LAT-8.75_LON118.25,-8.75,118.25,2024,10,2024-10,
LAT-8.75_LON118.75,-8.75,118.75,2024,10,2024-10,21.974217778021288
LAT-8.75_LON119.25,-8.75,119.25,2024,10,2024-10,
LAT-8.25_LON115.75,-8.25,115.75,2024,10,2024-10,
LAT-8.25_LON116.25,-8.25,116.25,2024,10,2024-10,
LAT-8.25_LON116.75,-8.25,116.75,2024,10,2024-10,
LAT-8.25_LON117.25,-8.25,117.25,2024,10,2024-10,
LAT-8.25_LON117.75,-8.25,117.75,2024,10,2024-10,12.95057096977388
LAT-8.25_LON118.25,-8.25,118.25,2024,10,2024-10,
LAT-8.25_LON118.75,-8.25,118.75,2024,10,2024-10,
LAT-8.25_LON119.25,-8.25,119.25,2024,10,2024-10,
LAT-7.75_LON115.75,-7.75,115.75,2024,10,2024-10,
LAT-7.75_LON116.25,-7.75,116.25,2024,10,2024-10,
LAT-7.75_LON116.75,-7.75,116.75,2024,10,2024-10,
LAT-7.75_LON117.25,-7.75,117.25,2024,10,2024-10,
LAT-7.75_LON117.75,-7.75,117.75,2024,10,2024-10,
LAT-7.75_LON118.25,-7.75,118.25,2024,10,2024-10,
LAT-7.75_LON118.75,-7.75,118.75,2024,10,2024-10,
LAT-7.75_LON119.25,-7.75,119.25,2024,10,2024-10,
LAT-9.25_LON115.75,-9.25,115.75,2024,11,2024-11,
LAT-9.25_LON116.25,-9.25,116.25,2024,11,2024-11,
LAT-9.25_LON116.75,-9.25,116.75,2024,11,2024-11,
LAT-9.25_LON117.25,-9.25,117.25,2024,11,2024-11,
LAT-9.25_LON117.75,-9.25,117.75,2024,11,2024-11,
LAT-9.25_LON118.25,-9.25,118.25,2024,11,2024-11,
LAT-9.25_LON118.75,-9.25,118.75,2024,11,2024-11,
LAT-9.25_LON119.25,-9.25,119.25,2024,11,2024-11,
LAT-8.75_LON115.75,-8.75,115.75,2024,11,2024-11,
LAT-8.75_LON116.25,-8.75,116.25,2024,11,2024-11,20.672129271189373
LAT-8.75_LON116.75,-8.75,116.75,2024,11,2024-11,
LAT-8.75_LON117.25,-8.75,117.25,2024,11,2024-11,18.334325520753854
LAT-8.75_LON117.75,-8.75,117.75,2024,11,2024-11,
LAT-8.75_LON118.25,-8.75,118.25,2024,11,2024-11,
LAT-8.75_LON118.75,-8.75,118.75,2024,11,2024-11,22.295657508532177
LAT-8.75_LON119.25,-8.75,119.25,2024,11,2024-11,
LAT-8.25_LON115.75,-8.25,115.75,2024,11,2024-11,
LAT-8.25_LON116.25,-8.25,116.25,2024,11,2024-11,
LAT-8.25_LON116.75,-8.25,116.75,2024,11,2024-11,
LAT-8.25_LON117.25,-8.25,117.25,2024,11,2024-11,
LAT-8.25_LON117.75,-8.25,117.75,2024,11,2024-11,13.325893646240234
LAT-8.25_LON118.25,-8.25,118.25,2024,11,2024-11,
LAT-8.25_LON118.75,-8.25,118.75,2024,11,2024-11,
LAT-8.25_LON119.25,-8.25,119.25,2024,11,2024-11,
LAT-7.75_LON115.75,-7.75,115.75,2024,11,2024-11,
LAT-7.75_LON116.25,-7.75,116.25,2024,11,2024-11,
LAT-7.75_LON116.75,-7.75,116.75,2024,11,2024-11,
LAT-7.75_LON117.25,-7.75,117.25,2024,11,2024-11,
LAT-7.75_LON117.75,-7.75,117.75,2024,11,2024-11,
LAT-7.75_LON118.25,-7.75,118.25,2024,11,2024-11,
LAT-7.75_LON118.75,-7.75,118.75,2024,11,2024-11,
LAT-7.75_LON119.25,-7.75,119.25,2024,11,2024-11,
LAT-9.25_LON115.75,-9.25,115.75,2024,12,2024-12,
LAT-9.25_LON116.25,-9.25,116.25,2024,12,2024-12,
LAT-9.25_LON116.75,-9.25,116.75,2024,12,2024-12,
LAT-9.25_LON117.25,-9.25,117.25,2024,12,2024-12,
LAT-9.25_LON117.75,-9.25,117.75,2024,12,2024-12,
LAT-9.25_LON118.25,-9.25,118.25,2024,12,2024-12,
LAT-9.25_LON118.75,-9.25,118.75,2024,12,2024-12,
LAT-9.25_LON119.25,-9.25,119.25,2024,12,2024-12,
LAT-8.75_LON115.75,-8.75,115.75,2024,12,2024-12,
LAT-8.75_LON116.25,-8.75,116.25,2024,12,2024-12,33.290023495920224
LAT-8.75_LON116.75,-8.75,116.75,2024,12,2024-12,
LAT-8.75_LON117.25,-8.75,117.25,2024,12,2024-12,28.15338827017817
LAT-8.75_LON117.75,-8.75,117.75,2024,12,2024-12,
LAT-8.75_LON118.25,-8.75,118.25,2024,12,2024-12,
LAT-8.75_LON118.75,-8.75,118.75,2024,12,2024-12,30.44279791647388
LAT-8.75_LON119.25,-8.75,119.25,2024,12,2024-12,
LAT-8.25_LON115.75,-8.25,115.75,2024,12,2024-12,
LAT-8.25_LON116.25,-8.25,116.25,2024,12,2024-12,
LAT-8.25_LON116.75,-8.25,116.75,2024,12,2024-12,
LAT-8.25_LON117.25,-8.25,117.25,2024,12,2024-12,
LAT-8.25_LON117.75,-8.25,117.75,2024,12,2024-12,23.874391353207244
LAT-8.25_LON118.25,-8.25,118.25,2024,12,2024-12,
LAT-8.25_LON118.75,-8.25,118.75,2024,12,2024-12,
LAT-8.25_LON119.25,-8.25,119.25,2024,12,2024-12,
LAT-7.75_LON115.75,-7.75,115.75,2024,12,2024-12,
LAT-7.75_LON116.25,-7.75,116.25,2024,12,2024-12,
LAT-7.75_LON116.75,-7.75,116.75,2024,12,2024-12,
LAT-7.75_LON117.25,-7.75,117.25,2024,12,2024-12,
LAT-7.75_LON117.75,-7.75,117.75,2024,12,2024-12,
LAT-7.75_LON118.25,-7.75,118.25,2024,12,2024-12,
LAT-7.75_LON118.75,-7.75,118.75,2024,12,2024-12,
LAT-7.75_LON119.25,-7.75,119.25,2024,12,2024-12,
LAT-9.25_LON115.75,-9.25,115.75,2025,1,2025-01,
LAT-9.25_LON116.25,-9.25,116.25,2025,1,2025-01,
LAT-9.25_LON116.75,-9.25,116.75,2025,1,2025-01,
LAT-9.25_LON117.25,-9.25,117.25,2025,1,2025-01,
LAT-9.25_LON117.75,-9.25,117.75,2025,1,2025-01,
LAT-9.25_LON118.25,-9.25,118.25,2025,1,2025-01,
LAT-9.25_LON118.75,-9.25,118.75,2025,1,2025-01,
LAT-9.25_LON119.25,-9.25,119.25,2025,1,2025-01,
LAT-8.75_LON115.75,-8.75,115.75,2025,1,2025-01,
LAT-8.75_LON116.25,-8.75,116.25,2025,1,2025-01,44.56969641708557
LAT-8.75_LON116.75,-8.75,116.75,2025,1,2025-01,
LAT-8.75_LON117.25,-8.75,117.25,2025,1,2025-01,43.19942299988961
LAT-8.75_LON117.75,-8.75,117.75,2025,1,2025-01,
LAT-8.75_LON118.25,-8.75,118.25,2025,1,2025-01,
LAT-8.75_LON118.75,-8.75,118.75,2025,1,2025-01,42.43258865187247
LAT-8.75_LON119.25,-8.75,119.25,2025,1,2025-01,
LAT-8.25_LON115.75,-8.25,115.75,2025,1,2025-01,
LAT-8.25_LON116.25,-8.25,116.25,2025,1,2025-01,
LAT-8.25_LON116.75,-8.25,116.75,2025,1,2025-01,
LAT-8.25_LON117.25,-8.25,117.25,2025,1,2025-01,
LAT-8.25_LON117.75,-8.25,117.75,2025,1,2025-01,40.96812728735707
LAT-8.25_LON118.25,-8.25,118.25,2025,1,2025-01,
LAT-8.25_LON118.75,-8.25,118.75,2025,1,2025-01,
LAT-8.25_LON119.25,-8.25,119.25,2025,1,2025-01,
LAT-7.75_LON115.75,-7.75,115.75,2025,1,2025-01,
LAT-7.75_LON116.25,-7.75,116.25,2025,1,2025-01,
LAT-7.75_LON116.75,-7.75,116.75,2025,1,2025-01,
LAT-7.75_LON117.25,-7.75,117.25,2025,1,2025-01,
LAT-7.75_LON117.75,-7.75,117.75,2025,1,2025-01,
LAT-7.75_LON118.25,-7.75,118.25,2025,1,2025-01,
LAT-7.75_LON118.75,-7.75,118.75,2025,1,2025-01,
LAT-7.75_LON119.25,-7.75,119.25,2025,1,2025-01,
LAT-9.25_LON115.75,-9.25,115.75,2025,2,2025-02,
LAT-9.25_LON116.25,-9.25,116.25,2025,2,2025-02,
LAT-9.25_LON116.75,-9.25,116.75,2025,2,2025-02,
LAT-9.25_LON117.25,-9.25,117.25,2025,2,2025-02,
LAT-9.25_LON117.75,-9.25,117.75,2025,2,2025-02,
LAT-9.25_LON118.25,-9.25,118.25,2025,2,2025-02,
LAT-9.25_LON118.75,-9.25,118.75,2025,2,2025-02,
LAT-9.25_LON119.25,-9.25,119.25,2025,2,2025-02,
LAT-8.75_LON115.75,-8.75,115.75,2025,2,2025-02,
LAT-8.75_LON116.25,-8.75,116.25,2025,2,2025-02,44.411780962177694
LAT-8.75_LON116.75,-8.75,116.75,2025,2,2025-02,
LAT-8.75_LON117.25,-8.75,117.25,2025,2,2025-02,45.505477309227004
LAT-8.75_LON117.75,-8.75,117.75,2025,2,2025-02,
LAT-8.75_LON118.25,-8.75,118.25,2025,2,2025-02,
LAT-8.75_LON118.75,-8.75,118.75,2025,2,2025-02,43.87055285913603
LAT-8.75_LON119.25,-8.75,119.25,2025,2,2025-02,
LAT-8.25_LON115.75,-8.25,115.75,2025,2,2025-02,
LAT-8.25_LON116.25,-8.25,116.25,2025,2,2025-02,
LAT-8.25_LON116.75,-8.25,116.75,2025,2,2025-02,
LAT-8.25_LON117.25,-8.25,117.25,2025,2,2025-02,
LAT-8.25_LON117.75,-8.25,117.75,2025,2,2025-02,44.764235913242615
LAT-8.25_LON118.25,-8.25,118.25,2025,2,2025-02,
LAT-8.25_LON118.75,-8.25,118.75,2025,2,2025-02,
LAT-8.25_LON119.25,-8.25,119.25,2025,2,2025-02,
LAT-7.75_LON115.75,-7.75,115.75,2025,2,2025-02,
LAT-7.75_LON116.25,-7.75,116.25,2025,2,2025-02,
LAT-7.75_LON116.75,-7.75,116.75,2025,2,2025-02,
LAT-7.75_LON117.25,-7.75,117.25,2025,2,2025-02,
LAT-7.75_LON117.75,-7.75,117.75,2025,2,2025-02,
LAT-7.75_LON118.25,-7.75,118.25,2025,2,2025-02,
LAT-7.75_LON118.75,-7.75,118.75,2025,2,2025-02,
LAT-7.75_LON119.25,-7.75,119.25,2025,2,2025-02,
LAT-9.25_LON115.75,-9.25,115.75,2025,3,2025-03,
LAT-9.25_LON116.25,-9.25,116.25,2025,3,2025-03,
LAT-9.25_LON116.75,-9.25,116.75,2025,3,2025-03,
LAT-9.25_LON117.25,-9.25,117.25,2025,3,2025-03,
LAT-9.25_LON117.75,-9.25,117.75,2025,3,2025-03,
LAT-9.25_LON118.25,-9.25,118.25,2025,3,2025-03,
LAT-9.25_LON118.75,-9.25,118.75,2025,3,2025-03,
LAT-9.25_LON119.25,-9.25,119.25,2025,3,2025-03,
LAT-8.75_LON115.75,-8.75,115.75,2025,3,2025-03,
LAT-8.75_LON116.25,-8.75,116.25,2025,3,2025-03,41.39641426594026
LAT-8.75_LON116.75,-8.75,116.75,2025,3,2025-03,
LAT-8.75_LON117.25,-8.75,117.25,2025,3,2025-03,42.05701799808009
LAT-8.75_LON117.75,-8.75,117.75,2025,3,2025-03,
LAT-8.75_LON118.25,-8.75,118.25,2025,3,2025-03,
LAT-8.75_LON118.75,-8.75,118.75,2025,3,2025-03,40.54967389968132
LAT-8.75_LON119.25,-8.75,119.25,2025,3,2025-03,
LAT-8.25_LON115.75,-8.25,115.75,2025,3,2025-03,
LAT-8.25_LON116.25,-8.25,116.25,2025,3,2025-03,
LAT-8.25_LON116.75,-8.25,116.75,2025,3,2025-03,
LAT-8.25_LON117.25,-8.25,117.25,2025,3,2025-03,
LAT-8.25_LON117.75,-8.25,117.75,2025,3,2025-03,40.69186666488647
LAT-8.25_LON118.25,-8.25,118.25,2025,3,2025-03,
LAT-8.25_LON118.75,-8.25,118.75,2025,3,2025-03,
LAT-8.25_LON119.25,-8.25,119.25,2025,3,2025-03,
LAT-7.75_LON115.75,-7.75,115.75,2025,3,2025-03,
LAT-7.75_LON116.25,-7.75,116.25,2025,3,2025-03,
LAT-7.75_LON116.75,-7.75,116.75,2025,3,2025-03,
LAT-7.75_LON117.25,-7.75,117.25,2025,3,2025-03,
LAT-7.75_LON117.75,-7.75,117.75,2025,3,2025-03,
LAT-7.75_LON118.25,-7.75,118.25,2025,3,2025-03,
LAT-7.75_LON118.75,-7.75,118.75,2025,3,2025-03,
LAT-7.75_LON119.25,-7.75,119.25,2025,3,2025-03,
LAT-9.25_LON115.75,-9.25,115.75,2025,4,2025-04,
LAT-9.25_LON116.25,-9.25,116.25,2025,4,2025-04,
LAT-9.25_LON116.75,-9.25,116.75,2025,4,2025-04,
LAT-9.25_LON117.25,-9.25,117.25,2025,4,2025-04,
LAT-9.25_LON117.75,-9.25,117.75,2025,4,2025-04,
LAT-9.25_LON118.25,-9.25,118.25,2025,4,2025-04,
LAT-9.25_LON118.75,-9.25,118.75,2025,4,2025-04,
LAT-9.25_LON119.25,-9.25,119.25,2025,4,2025-04,
LAT-8.75_LON115.75,-8.75,115.75,2025,4,2025-04,
LAT-8.75_LON116.25,-8.75,116.25,2025,4,2025-04,40.345807193597146
LAT-8.75_LON116.75,-8.75,116.75,2025,4,2025-04,
LAT-8.75_LON117.25,-8.75,117.25,2025,4,2025-04,40.364946439584095
LAT-8.75_LON117.75,-8.75,117.75,2025,4,2025-04,
LAT-8.75_LON118.25,-8.75,118.25,2025,4,2025-04,
LAT-8.75_LON118.75,-8.75,118.75,2025,4,2025-04,39.46881203484532
LAT-8.75_LON119.25,-8.75,119.25,2025,4,2025-04,
LAT-8.25_LON115.75,-8.25,115.75,2025,4,2025-04,
LAT-8.25_LON116.25,-8.25,116.25,2025,4,2025-04,
LAT-8.25_LON116.75,-8.25,116.75,2025,4,2025-04,
LAT-8.25_LON117.25,-8.25,117.25,2025,4,2025-04,
LAT-8.25_LON117.75,-8.25,117.75,2025,4,2025-04,38.63896244923275
LAT-8.25_LON118.25,-8.25,118.25,2025,4,2025-04,
LAT-8.25_LON118.75,-8.25,118.75,2025,4,2025-04,
LAT-8.25_LON119.25,-8.25,119.25,2025,4,2025-04,
LAT-7.75_LON115.75,-7.75,115.75,2025,4,2025-04,
LAT-7.75_LON116.25,-7.75,116.25,2025,4,2025-04,
LAT-7.75_LON116.75,-7.75,116.75,2025,4,2025-04,
LAT-7.75_LON117.25,-7.75,117.25,2025,4,2025-04,
LAT-7.75_LON117.75,-7.75,117.75,2025,4,2025-04,
LAT-7.75_LON118.25,-7.75,118.25,2025,4,2025-04,
LAT-7.75_LON118.75,-7.75,118.75,2025,4,2025-04,
LAT-7.75_LON119.25,-7.75,119.25,2025,4,2025-04,
LAT-9.25_LON115.75,-9.25,115.75,2025,5,2025-05,
LAT-9.25_LON116.25,-9.25,116.25,2025,5,2025-05,
LAT-9.25_LON116.75,-9.25,116.75,2025,5,2025-05,
LAT-9.25_LON117.25,-9.25,117.25,2025,5,2025-05,
LAT-9.25_LON117.75,-9.25,117.75,2025,5,2025-05,
LAT-9.25_LON118.25,-9.25,118.25,2025,5,2025-05,
LAT-9.25_LON118.75,-9.25,118.75,2025,5,2025-05,
LAT-9.25_LON119.25,-9.25,119.25,2025,5,2025-05,
LAT-8.75_LON115.75,-8.75,115.75,2025,5,2025-05,
LAT-8.75_LON116.25,-8.75,116.25,2025,5,2025-05,39.32380861082385
LAT-8.75_LON116.75,-8.75,116.75,2025,5,2025-05,
LAT-8.75_LON117.25,-8.75,117.25,2025,5,2025-05,38.12266590979794
LAT-8.75_LON117.75,-8.75,117.75,2025,5,2025-05,
LAT-8.75_LON118.25,-8.75,118.25,2025,5,2025-05,
LAT-8.75_LON118.75,-8.75,118.75,2025,5,2025-05,36.53013366076255
LAT-8.75_LON119.25,-8.75,119.25,2025,5,2025-05,
LAT-8.25_LON115.75,-8.25,115.75,2025,5,2025-05,
LAT-8.25_LON116.25,-8.25,116.25,2025,5,2025-05,
LAT-8.25_LON116.75,-8.25,116.75,2025,5,2025-05,
LAT-8.25_LON117.25,-8.25,117.25,2025,5,2025-05,
LAT-8.25_LON117.75,-8.25,117.75,2025,5,2025-05,35.84860299271923
LAT-8.25_LON118.25,-8.25,118.25,2025,5,2025-05,
LAT-8.25_LON118.75,-8.25,118.75,2025,5,2025-05,
LAT-8.25_LON119.25,-8.25,119.25,2025,5,2025-05,
LAT-7.75_LON115.75,-7.75,115.75,2025,5,2025-05,
LAT-7.75_LON116.25,-7.75,116.25,2025,5,2025-05,
LAT-7.75_LON116.75,-7.75,116.75,2025,5,2025-05,
LAT-7.75_LON117.25,-7.75,117.25,2025,5,2025-05,
LAT-7.75_LON117.75,-7.75,117.75,2025,5,2025-05,
LAT-7.75_LON118.25,-7.75,118.25,2025,5,2025-05,
LAT-7.75_LON118.75,-7.75,118.75,2025,5,2025-05,
LAT-7.75_LON119.25,-7.75,119.25,2025,5,2025-05,
LAT-9.25_LON115.75,-9.25,115.75,2025,6,2025-06,
LAT-9.25_LON116.25,-9.25,116.25,2025,6,2025-06,
LAT-9.25_LON116.75,-9.25,116.75,2025,6,2025-06,
LAT-9.25_LON117.25,-9.25,117.25,2025,6,2025-06,
LAT-9.25_LON117.75,-9.25,117.75,2025,6,2025-06,
LAT-9.25_LON118.25,-9.25,118.25,2025,6,2025-06,
LAT-9.25_LON118.75,-9.25,118.75,2025,6,2025-06,
LAT-9.25_LON119.25,-9.25,119.25,2025,6,2025-06,
LAT-8.75_LON115.75,-8.75,115.75,2025,6,2025-06,
LAT-8.75_LON116.25,-8.75,116.25,2025,6,2025-06,36.153851011594114
LAT-8.75_LON116.75,-8.75,116.75,2025,6,2025-06,
LAT-8.75_LON117.25,-8.75,117.25,2025,6,2025-06,34.76532059478759
LAT-8.75_LON117.75,-8.75,117.75,2025,6,2025-06,
LAT-8.75_LON118.25,-8.75,118.25,2025,6,2025-06,
LAT-8.75_LON118.75,-8.75,118.75,2025,6,2025-06,33.366042414744676
LAT-8.75_LON119.25,-8.75,119.25,2025,6,2025-06,
LAT-8.25_LON115.75,-8.25,115.75,2025,6,2025-06,
LAT-8.25_LON116.25,-8.25,116.25,2025,6,2025-06,
LAT-8.25_LON116.75,-8.25,116.75,2025,6,2025-06,
LAT-8.25_LON117.25,-8.25,117.25,2025,6,2025-06,
LAT-8.25_LON117.75,-8.25,117.75,2025,6,2025-06,32.488151410659164
LAT-8.25_LON118.25,-8.25,118.25,2025,6,2025-06,
LAT-8.25_LON118.75,-8.25,118.75,2025,6,2025-06,
LAT-8.25_LON119.25,-8.25,119.25,2025,6,2025-06,
LAT-7.75_LON115.75,-7.75,115.75,2025,6,2025-06,
LAT-7.75_LON116.25,-7.75,116.25,2025,6,2025-06,
LAT-7.75_LON116.75,-7.75,116.75,2025,6,2025-06,
LAT-7.75_LON117.25,-7.75,117.25,2025,6,2025-06,
LAT-7.75_LON117.75,-7.75,117.75,2025,6,2025-06,
LAT-7.75_LON118.25,-7.75,118.25,2025,6,2025-06,
LAT-7.75_LON118.75,-7.75,118.75,2025,6,2025-06,
LAT-7.75_LON119.25,-7.75,119.25,2025,6,2025-06,
LAT-9.25_LON115.75,-9.25,115.75,2025,7,2025-07,
LAT-9.25_LON116.25,-9.25,116.25,2025,7,2025-07,
LAT-9.25_LON116.75,-9.25,116.75,2025,7,2025-07,
LAT-9.25_LON117.25,-9.25,117.25,2025,7,2025-07,
LAT-9.25_LON117.75,-9.25,117.75,2025,7,2025-07,
LAT-9.25_LON118.25,-9.25,118.25,2025,7,2025-07,
LAT-9.25_LON118.75,-9.25,118.75,2025,7,2025-07,
LAT-9.25_LON119.25,-9.25,119.25,2025,7,2025-07,
LAT-8.75_LON115.75,-8.75,115.75,2025,7,2025-07,
LAT-8.75_LON116.25,-8.75,116.25,2025,7,2025-07,32.685951451947616
LAT-8.75_LON116.75,-8.75,116.75,2025,7,2025-07,
LAT-8.75_LON117.25,-8.75,117.25,2025,7,2025-07,32.360467192588295
LAT-8.75_LON117.75,-8.75,117.75,2025,7,2025-07,
LAT-8.75_LON118.25,-8.75,118.25,2025,7,2025-07,
LAT-8.75_LON118.75,-8.75,118.75,2025,7,2025-07,30.818015800676026
LAT-8.75_LON119.25,-8.75,119.25,2025,7,2025-07,
LAT-8.25_LON115.75,-8.25,115.75,2025,7,2025-07,
LAT-8.25_LON116.25,-8.25,116.25,2025,7,2025-07,
LAT-8.25_LON116.75,-8.25,116.75,2025,7,2025-07,
LAT-8.25_LON117.25,-8.25,117.25,2025,7,2025-07,
LAT-8.25_LON117.75,-8.25,117.75,2025,7,2025-07,30.38816134629708
LAT-8.25_LON118.25,-8.25,118.25,2025,7,2025-07,
LAT-8.25_LON118.75,-8.25,118.75,2025,7,2025-07,
LAT-8.25_LON119.25,-8.25,119.25,2025,7,2025-07,
LAT-7.75_LON115.75,-7.75,115.75,2025,7,2025-07,
LAT-7.75_LON116.25,-7.75,116.25,2025,7,2025-07,
LAT-7.75_LON116.75,-7.75,116.75,2025,7,2025-07,
LAT-7.75_LON117.25,-7.75,117.25,2025,7,2025-07,
LAT-7.75_LON117.75,-7.75,117.75,2025,7,2025-07,
LAT-7.75_LON118.25,-7.75,118.25,2025,7,2025-07,
LAT-7.75_LON118.75,-7.75,118.75,2025,7,2025-07,
LAT-7.75_LON119.25,-7.75,119.25,2025,7,2025-07,
LAT-9.25_LON115.75,-9.25,115.75,2025,8,2025-08,
LAT-9.25_LON116.25,-9.25,116.25,2025,8,2025-08,
LAT-9.25_LON116.75,-9.25,116.75,2025,8,2025-08,
LAT-9.25_LON117.25,-9.25,117.25,2025,8,2025-08,
LAT-9.25_LON117.75,-9.25,117.75,2025,8,2025-08,
LAT-9.25_LON118.25,-9.25,118.25,2025,8,2025-08,
LAT-9.25_LON118.75,-9.25,118.75,2025,8,2025-08,
LAT-9.25_LON119.25,-9.25,119.25,2025,8,2025-08,
LAT-8.75_LON115.75,-8.75,115.75,2025,8,2025-08,
LAT-8.75_LON116.25,-8.75,116.25,2025,8,2025-08,28.483864445993976
LAT-8.75_LON116.75,-8.75,116.75,2025,8,2025-08,
LAT-8.75_LON117.25,-8.75,117.25,2025,8,2025-08,27.538846268576965
LAT-8.75_LON117.75,-8.75,117.75,2025,8,2025-08,
LAT-8.75_LON118.25,-8.75,118.25,2025,8,2025-08,
LAT-8.75_LON118.75,-8.75,118.75,2025,8,2025-08,27.459639818745277
LAT-8.75_LON119.25,-8.75,119.25,2025,8,2025-08,
LAT-8.25_LON115.75,-8.25,115.75,2025,8,2025-08,
LAT-8.25_LON116.25,-8.25,116.25,2025,8,2025-08,
LAT-8.25_LON116.75,-8.25,116.75,2025,8,2025-08,
LAT-8.25_LON117.25,-8.25,117.25,2025,8,2025-08,
LAT-8.25_LON117.75,-8.25,117.75,2025,8,2025-08,25.492140460321966
LAT-8.25_LON118.25,-8.25,118.25,2025,8,2025-08,
LAT-8.25_LON118.75,-8.25,118.75,2025,8,2025-08,
LAT-8.25_LON119.25,-8.25,119.25,2025,8,2025-08,
LAT-7.75_LON115.75,-7.75,115.75,2025,8,2025-08,
LAT-7.75_LON116.25,-7.75,116.25,2025,8,2025-08,
LAT-7.75_LON116.75,-7.75,116.75,2025,8,2025-08,
LAT-7.75_LON117.25,-7.75,117.25,2025,8,2025-08,
LAT-7.75_LON117.75,-7.75,117.75,2025,8,2025-08,
LAT-7.75_LON118.25,-7.75,118.25,2025,8,2025-08,
LAT-7.75_LON118.75,-7.75,118.75,2025,8,2025-08,
LAT-7.75_LON119.25,-7.75,119.25,2025,8,2025-08,
LAT-9.25_LON115.75,-9.25,115.75,2025,9,2025-09,
LAT-9.25_LON116.25,-9.25,116.25,2025,9,2025-09,
LAT-9.25_LON116.75,-9.25,116.75,2025,9,2025-09,
LAT-9.25_LON117.25,-9.25,117.25,2025,9,2025-09,
LAT-9.25_LON117.75,-9.25,117.75,2025,9,2025-09,
LAT-9.25_LON118.25,-9.25,118.25,2025,9,2025-09,
LAT-9.25_LON118.75,-9.25,118.75,2025,9,2025-09,
LAT-9.25_LON119.25,-9.25,119.25,2025,9,2025-09,
LAT-8.75_LON115.75,-8.75,115.75,2025,9,2025-09,
LAT-8.75_LON116.25,-8.75,116.25,2025,9,2025-09,25.852985071818026
LAT-8.75_LON116.75,-8.75,116.75,2025,9,2025-09,
LAT-8.75_LON117.25,-8.75,117.25,2025,9,2025-09,23.39176082579297
LAT-8.75_LON117.75,-8.75,117.75,2025,9,2025-09,
LAT-8.75_LON118.25,-8.75,118.25,2025,9,2025-09,
LAT-8.75_LON118.75,-8.75,118.75,2025,9,2025-09,25.309511785149578
LAT-8.75_LON119.25,-8.75,119.25,2025,9,2025-09,
LAT-8.25_LON115.75,-8.25,115.75,2025,9,2025-09,
LAT-8.25_LON116.25,-8.25,116.25,2025,9,2025-09,
LAT-8.25_LON116.75,-8.25,116.75,2025,9,2025-09,
LAT-8.25_LON117.25,-8.25,117.25,2025,9,2025-09,
LAT-8.25_LON117.75,-8.25,117.75,2025,9,2025-09,20.972620308756824
LAT-8.25_LON118.25,-8.25,118.25,2025,9,2025-09,
LAT-8.25_LON118.75,-8.25,118.75,2025,9,2025-09,
LAT-8.25_LON119.25,-8.25,119.25,2025,9,2025-09,
LAT-7.75_LON115.75,-7.75,115.75,2025,9,2025-09,
LAT-7.75_LON116.25,-7.75,116.25,2025,9,2025-09,
LAT-7.75_LON116.75,-7.75,116.75,2025,9,2025-09,
LAT-7.75_LON117.25,-7.75,117.25,2025,9,2025-09,
LAT-7.75_LON117.75,-7.75,117.75,2025,9,2025-09,
LAT-7.75_LON118.25,-7.75,118.25,2025,9,2025-09,
LAT-7.75_LON118.75,-7.75,118.75,2025,9,2025-09,
LAT-7.75_LON119.25,-7.75,119.25,2025,9,2025-09,
LAT-9.25_LON115.75,-9.25,115.75,2025,10,2025-10,
LAT-9.25_LON116.25,-9.25,116.25,2025,10,2025-10,
LAT-9.25_LON116.75,-9.25,116.75,2025,10,2025-10,
LAT-9.25_LON117.25,-9.25,117.25,2025,10,2025-10,
LAT-9.25_LON117.75,-9.25,117.75,2025,10,2025-10,
LAT-9.25_LON118.25,-9.25,118.25,2025,10,2025-10,
LAT-9.25_LON118.75,-9.25,118.75,2025,10,2025-10,
LAT-9.25_LON119.25,-9.25,119.25,2025,10,2025-10,
LAT-8.75_LON115.75,-8.75,115.75,2025,10,2025-10,
LAT-8.75_LON116.25,-8.75,116.25,2025,10,2025-10,25.375503649942335
LAT-8.75_LON116.75,-8.75,116.75,2025,10,2025-10,
LAT-8.75_LON117.25,-8.75,117.25,2025,10,2025-10,21.712364296605532
LAT-8.75_LON117.75,-8.75,117.75,2025,10,2025-10,
LAT-8.75_LON118.25,-8.75,118.25,2025,10,2025-10,
LAT-8.75_LON118.75,-8.75,118.75,2025,10,2025-10,24.452260154216525
LAT-8.75_LON119.25,-8.75,119.25,2025,10,2025-10,
LAT-8.25_LON115.75,-8.25,115.75,2025,10,2025-10,
LAT-8.25_LON116.25,-8.25,116.25,2025,10,2025-10,
LAT-8.25_LON116.75,-8.25,116.75,2025,10,2025-10,
LAT-8.25_LON117.25,-8.25,117.25,2025,10,2025-10,
LAT-8.25_LON117.75,-8.25,117.75,2025,10,2025-10,18.90284926718281
LAT-8.25_LON118.25,-8.25,118.25,2025,10,2025-10,
LAT-8.25_LON118.75,-8.25,118.75,2025,10,2025-10,
LAT-8.25_LON119.25,-8.25,119.25,2025,10,2025-10,
LAT-7.75_LON115.75,-7.75,115.75,2025,10,2025-10,
LAT-7.75_LON116.25,-7.75,116.25,2025,10,2025-10,
LAT-7.75_LON116.75,-7.75,116.75,2025,10,2025-10,
LAT-7.75_LON117.25,-7.75,117.25,2025,10,2025-10,
LAT-7.75_LON117.75,-7.75,117.75,2025,10,2025-10,
LAT-7.75_LON118.25,-7.75,118.25,2025,10,2025-10,
LAT-7.75_LON118.75,-7.75,118.75,2025,10,2025-10,
LAT-7.75_LON119.25,-7.75,119.25,2025,10,2025-10,
LAT-9.25_LON115.75,-9.25,115.75,2025,11,2025-11,
LAT-9.25_LON116.25,-9.25,116.25,2025,11,2025-11,
LAT-9.25_LON116.75,-9.25,116.75,2025,11,2025-11,
LAT-9.25_LON117.25,-9.25,117.25,2025,11,2025-11,
LAT-9.25_LON117.75,-9.25,117.75,2025,11,2025-11,
LAT-9.25_LON118.25,-9.25,118.25,2025,11,2025-11,
LAT-9.25_LON118.75,-9.25,118.75,2025,11,2025-11,
LAT-9.25_LON119.25,-9.25,119.25,2025,11,2025-11,
LAT-8.75_LON115.75,-8.75,115.75,2025,11,2025-11,
LAT-8.75_LON116.25,-8.75,116.25,2025,11,2025-11,32.53375630776088
LAT-8.75_LON116.75,-8.75,116.75,2025,11,2025-11,
LAT-8.75_LON117.25,-8.75,117.25,2025,11,2025-11,25.6224743675391
LAT-8.75_LON117.75,-8.75,117.75,2025,11,2025-11,
LAT-8.75_LON118.25,-8.75,118.25,2025,11,2025-11,
LAT-8.75_LON118.75,-8.75,118.75,2025,11,2025-11,26.94543985374769
LAT-8.75_LON119.25,-8.75,119.25,2025,11,2025-11,
LAT-8.25_LON115.75,-8.25,115.75,2025,11,2025-11,
LAT-8.25_LON116.25,-8.25,116.25,2025,11,2025-11,
LAT-8.25_LON116.75,-8.25,116.75,2025,11,2025-11,
LAT-8.25_LON117.25,-8.25,117.25,2025,11,2025-11,
LAT-8.25_LON117.75,-8.25,117.75,2025,11,2025-11,22.75679017488162
LAT-8.25_LON118.25,-8.25,118.25,2025,11,2025-11,
LAT-8.25_LON118.75,-8.25,118.75,2025,11,2025-11,
LAT-8.25_LON119.25,-8.25,119.25,2025,11,2025-11,
LAT-7.75_LON115.75,-7.75,115.75,2025,11,2025-11,
LAT-7.75_LON116.25,-7.75,116.25,2025,11,2025-11,
LAT-7.75_LON116.75,-7.75,116.75,2025,11,2025-11,
LAT-7.75_LON117.25,-7.75,117.25,2025,11,2025-11,
LAT-7.75_LON117.75,-7.75,117.75,2025,11,2025-11,
LAT-7.75_LON118.25,-7.75,118.25,2025,11,2025-11,
LAT-7.75_LON118.75,-7.75,118.75,2025,11,2025-11,
LAT-7.75_LON119.25,-7.75,119.25,2025,11,2025-11,
LAT-9.25_LON115.75,-9.25,115.75,2025,12,2025-12,
LAT-9.25_LON116.25,-9.25,116.25,2025,12,2025-12,
LAT-9.25_LON116.75,-9.25,116.75,2025,12,2025-12,
LAT-9.25_LON117.25,-9.25,117.25,2025,12,2025-12,
LAT-9.25_LON117.75,-9.25,117.75,2025,12,2025-12,
LAT-9.25_LON118.25,-9.25,118.25,2025,12,2025-12,
LAT-9.25_LON118.75,-9.25,118.75,2025,12,2025-12,
LAT-9.25_LON119.25,-9.25,119.25,2025,12,2025-12,
LAT-8.75_LON115.75,-8.75,115.75,2025,12,2025-12,
LAT-8.75_LON116.25,-8.75,116.25,2025,12,2025-12,40.255798572109576
LAT-8.75_LON116.75,-8.75,116.75,2025,12,2025-12,
LAT-8.75_LON117.25,-8.75,117.25,2025,12,2025-12,33.09261907254497
LAT-8.75_LON117.75,-8.75,117.75,2025,12,2025-12,
LAT-8.75_LON118.25,-8.75,118.25,2025,12,2025-12,
LAT-8.75_LON118.75,-8.75,118.75,2025,12,2025-12,32.09987439532433
LAT-8.75_LON119.25,-8.75,119.25,2025,12,2025-12,
LAT-8.25_LON115.75,-8.25,115.75,2025,12,2025-12,
LAT-8.25_LON116.25,-8.25,116.25,2025,12,2025-12,
LAT-8.25_LON116.75,-8.25,116.75,2025,12,2025-12,
LAT-8.25_LON117.25,-8.25,117.25,2025,12,2025-12,
LAT-8.25_LON117.75,-8.25,117.75,2025,12,2025-12,30.86457560485409
LAT-8.25_LON118.25,-8.25,118.25,2025,12,2025-12,
LAT-8.25_LON118.75,-8.25,118.75,2025,12,2025-12,
LAT-8.25_LON119.25,-8.25,119.25,2025,12,2025-12,
LAT-7.75_LON115.75,-7.75,115.75,2025,12,2025-12,
LAT-7.75_LON116.25,-7.75,116.25,2025,12,2025-12,
LAT-7.75_LON116.75,-7.75,116.75,2025,12,2025-12,
LAT-7.75_LON117.25,-7.75,117.25,2025,12,2025-12,
LAT-7.75_LON117.75,-7.75,117.75,2025,12,2025-12,
LAT-7.75_LON118.25,-7.75,118.25,2025,12,2025-12,
LAT-7.75_LON118.75,-7.75,118.75,2025,12,2025-12,
LAT-7.75_LON119.25,-7.75,119.25,2025,12,2025-12,
